0 verbose cli C:\Program Files\nodejs\node.exe C:\Program Files\nodejs\node_global\node_modules\npm\bin\npm-cli.js
1 info using npm@11.4.2
2 info using node@v20.18.0
3 silly config load:file:C:\Program Files\nodejs\node_global\node_modules\npm\npmrc
4 silly config load:file:D:\VSCodeProgramme\qianmian-china-travel-dashboard\.npmrc
5 silly config load:file:C:\Users\ibm_1\.npmrc
6 silly config load:file:C:\Program Files\nodejs\node_global\etc\npmrc
7 verbose title npm i react-markdown remark-gfm
8 verbose argv "i" "react-markdown" "remark-gfm" "--cache" "./.npm-cache"
9 verbose logfile logs-max:10 dir:D:\VSCodeProgramme\qianmian-china-travel-dashboard\.npm-cache\_logs\2025-10-24T08_39_26_200Z-
10 verbose logfile D:\VSCodeProgramme\qianmian-china-travel-dashboard\.npm-cache\_logs\2025-10-24T08_39_26_200Z-debug-0.log
11 silly logfile done cleaning log files
12 silly packumentCache heap:2197815296 maxSize:549453824 maxEntrySize:274726912
13 silly idealTree buildDeps
14 silly fetch manifest react-markdown@*
15 silly packumentCache full:https://registry.npmmirror.com/react-markdown cache-miss
16 http fetch GET 200 https://registry.npmmirror.com/react-markdown 495ms (cache miss)
17 silly packumentCache full:https://registry.npmmirror.com/react-markdown set size:62607 disposed:false
18 silly fetch manifest @types/react@^19
19 silly packumentCache full:https://registry.npmmirror.com/@types%2freact cache-miss
20 http fetch GET 200 https://registry.npmmirror.com/npm 705ms
21 http fetch GET 200 https://registry.npmmirror.com/@types%2freact 271ms (cache miss)
22 silly packumentCache full:https://registry.npmmirror.com/@types%2freact set size:320269 disposed:false
23 silly fetch manifest react@19.1.0
24 silly packumentCache full:https://registry.npmmirror.com/react cache-miss
25 http fetch GET 200 https://registry.npmmirror.com/react 522ms (cache miss)
26 silly packumentCache full:https://registry.npmmirror.com/react set size:1132630 disposed:false
27 silly fetch manifest remark-gfm@*
28 silly packumentCache full:https://registry.npmmirror.com/remark-gfm cache-miss
29 http fetch GET 200 https://registry.npmmirror.com/remark-gfm 82ms (cache miss)
30 silly packumentCache full:https://registry.npmmirror.com/remark-gfm set size:10149 disposed:false
31 silly placeDep ROOT react-markdown@10.1.0 OK for: qianmian-china-travel-dashboard@0.1.0 want: *
32 silly placeDep ROOT remark-gfm@4.0.1 OK for: qianmian-china-travel-dashboard@0.1.0 want: *
33 silly fetch manifest @types/hast@^3.0.0
34 silly packumentCache full:https://registry.npmmirror.com/@types%2fhast cache-miss
35 silly fetch manifest @types/mdast@^4.0.0
36 silly packumentCache full:https://registry.npmmirror.com/@types%2fmdast cache-miss
37 silly fetch manifest devlop@^1.0.0
38 silly packumentCache full:https://registry.npmmirror.com/devlop cache-miss
39 silly fetch manifest hast-util-to-jsx-runtime@^2.0.0
40 silly packumentCache full:https://registry.npmmirror.com/hast-util-to-jsx-runtime cache-miss
41 silly fetch manifest html-url-attributes@^3.0.0
42 silly packumentCache full:https://registry.npmmirror.com/html-url-attributes cache-miss
43 silly fetch manifest mdast-util-to-hast@^13.0.0
44 silly packumentCache full:https://registry.npmmirror.com/mdast-util-to-hast cache-miss
45 silly fetch manifest remark-parse@^11.0.0
46 silly packumentCache full:https://registry.npmmirror.com/remark-parse cache-miss
47 silly fetch manifest remark-rehype@^11.0.0
48 silly packumentCache full:https://registry.npmmirror.com/remark-rehype cache-miss
49 silly fetch manifest unified@^11.0.0
50 silly packumentCache full:https://registry.npmmirror.com/unified cache-miss
51 silly fetch manifest unist-util-visit@^5.0.0
52 silly packumentCache full:https://registry.npmmirror.com/unist-util-visit cache-miss
53 silly fetch manifest vfile@^6.0.0
54 silly packumentCache full:https://registry.npmmirror.com/vfile cache-miss
55 silly fetch manifest @types/mdast@^4.0.0
56 silly packumentCache full:https://registry.npmmirror.com/@types%2fmdast cache-miss
57 silly fetch manifest mdast-util-gfm@^3.0.0
58 silly packumentCache full:https://registry.npmmirror.com/mdast-util-gfm cache-miss
59 silly fetch manifest micromark-extension-gfm@^3.0.0
60 silly packumentCache full:https://registry.npmmirror.com/micromark-extension-gfm cache-miss
61 silly fetch manifest remark-parse@^11.0.0
62 silly packumentCache full:https://registry.npmmirror.com/remark-parse cache-miss
63 silly fetch manifest remark-stringify@^11.0.0
64 silly packumentCache full:https://registry.npmmirror.com/remark-stringify cache-miss
65 silly fetch manifest unified@^11.0.0
66 silly packumentCache full:https://registry.npmmirror.com/unified cache-miss
67 http fetch GET 200 https://registry.npmmirror.com/@types%2fmdast 90ms (cache miss)
68 silly packumentCache full:https://registry.npmmirror.com/@types%2fmdast set size:8620 disposed:false
69 http fetch GET 200 https://registry.npmmirror.com/@types%2fhast 91ms (cache miss)
70 silly packumentCache full:https://registry.npmmirror.com/@types%2fhast set size:6623 disposed:false
71 http fetch GET 200 https://registry.npmmirror.com/remark-stringify 223ms (cache miss)
72 silly packumentCache full:https://registry.npmmirror.com/remark-stringify set size:16746 disposed:false
73 http fetch GET 200 https://registry.npmmirror.com/unified 231ms (cache miss)
74 silly packumentCache full:https://registry.npmmirror.com/unified set size:41134 disposed:false
75 http fetch GET 200 https://registry.npmmirror.com/devlop 268ms (cache miss)
76 silly packumentCache full:https://registry.npmmirror.com/devlop set size:6112 disposed:false
77 http fetch GET 200 https://registry.npmmirror.com/@types%2fmdast 290ms (cache miss)
78 silly packumentCache full:https://registry.npmmirror.com/@types%2fmdast set size:8620 disposed:false
79 silly packumentCache full:https://registry.npmmirror.com/@types%2fmdast dispose
80 http fetch GET 200 https://registry.npmmirror.com/micromark-extension-gfm 312ms (cache miss)
81 silly packumentCache full:https://registry.npmmirror.com/micromark-extension-gfm set size:11442 disposed:false
82 http fetch GET 200 https://registry.npmmirror.com/unist-util-visit 329ms (cache miss)
83 silly packumentCache full:https://registry.npmmirror.com/unist-util-visit set size:16212 disposed:false
84 http fetch GET 200 https://registry.npmmirror.com/remark-rehype 337ms (cache miss)
85 silly packumentCache full:https://registry.npmmirror.com/remark-rehype set size:22242 disposed:false
86 http fetch GET 200 https://registry.npmmirror.com/remark-parse 338ms (cache miss)
87 silly packumentCache full:https://registry.npmmirror.com/remark-parse set size:15821 disposed:false
88 http fetch GET 200 https://registry.npmmirror.com/mdast-util-gfm 340ms (cache miss)
89 silly packumentCache full:https://registry.npmmirror.com/mdast-util-gfm set size:11825 disposed:false
90 http fetch GET 200 https://registry.npmmirror.com/hast-util-to-jsx-runtime 344ms (cache miss)
91 silly packumentCache full:https://registry.npmmirror.com/hast-util-to-jsx-runtime set size:18659 disposed:false
92 http fetch GET 200 https://registry.npmmirror.com/remark-parse 345ms (cache miss)
93 silly packumentCache full:https://registry.npmmirror.com/remark-parse set size:15821 disposed:false
94 silly packumentCache full:https://registry.npmmirror.com/remark-parse dispose
95 http fetch GET 200 https://registry.npmmirror.com/unified 381ms (cache miss)
96 silly packumentCache full:https://registry.npmmirror.com/unified set size:41134 disposed:false
97 silly packumentCache full:https://registry.npmmirror.com/unified dispose
98 http fetch GET 200 https://registry.npmmirror.com/mdast-util-to-hast 385ms (cache miss)
99 silly packumentCache full:https://registry.npmmirror.com/mdast-util-to-hast set size:44371 disposed:false
100 http fetch GET 200 https://registry.npmmirror.com/vfile 388ms (cache miss)
101 silly packumentCache full:https://registry.npmmirror.com/vfile set size:33073 disposed:false
102 http fetch GET 200 https://registry.npmmirror.com/html-url-attributes 972ms (cache miss)
103 silly packumentCache full:https://registry.npmmirror.com/html-url-attributes set size:7645 disposed:false
104 silly placeDep ROOT @types/hast@3.0.4 OK for: react-markdown@10.1.0 want: ^3.0.0
105 silly placeDep ROOT @types/mdast@4.0.4 OK for: react-markdown@10.1.0 want: ^4.0.0
106 silly placeDep ROOT devlop@1.1.0 OK for: react-markdown@10.1.0 want: ^1.0.0
107 silly placeDep ROOT hast-util-to-jsx-runtime@2.3.6 OK for: react-markdown@10.1.0 want: ^2.0.0
108 silly placeDep ROOT html-url-attributes@3.0.1 OK for: react-markdown@10.1.0 want: ^3.0.0
109 silly placeDep ROOT mdast-util-to-hast@13.2.0 OK for: react-markdown@10.1.0 want: ^13.0.0
110 silly placeDep ROOT remark-parse@11.0.0 OK for: react-markdown@10.1.0 want: ^11.0.0
111 silly placeDep ROOT remark-rehype@11.1.2 OK for: react-markdown@10.1.0 want: ^11.0.0
112 silly placeDep ROOT unified@11.0.5 OK for: react-markdown@10.1.0 want: ^11.0.0
113 silly placeDep ROOT unist-util-visit@5.0.0 OK for: react-markdown@10.1.0 want: ^5.0.0
114 silly placeDep ROOT vfile@6.0.3 OK for: react-markdown@10.1.0 want: ^6.0.0
115 silly fetch manifest @types/unist@*
116 silly packumentCache full:https://registry.npmmirror.com/@types%2funist cache-miss
117 silly fetch manifest @types/unist@*
118 silly packumentCache full:https://registry.npmmirror.com/@types%2funist cache-miss
119 silly fetch manifest dequal@^2.0.0
120 silly packumentCache full:https://registry.npmmirror.com/dequal cache-miss
121 silly fetch manifest @types/unist@^3.0.0
122 silly packumentCache full:https://registry.npmmirror.com/@types%2funist cache-miss
123 silly fetch manifest comma-separated-tokens@^2.0.0
124 silly packumentCache full:https://registry.npmmirror.com/comma-separated-tokens cache-miss
125 silly fetch manifest estree-util-is-identifier-name@^3.0.0
126 silly packumentCache full:https://registry.npmmirror.com/estree-util-is-identifier-name cache-miss
127 silly fetch manifest hast-util-whitespace@^3.0.0
128 silly packumentCache full:https://registry.npmmirror.com/hast-util-whitespace cache-miss
129 silly fetch manifest mdast-util-mdx-expression@^2.0.0
130 silly packumentCache full:https://registry.npmmirror.com/mdast-util-mdx-expression cache-miss
131 silly fetch manifest mdast-util-mdx-jsx@^3.0.0
132 silly packumentCache full:https://registry.npmmirror.com/mdast-util-mdx-jsx cache-miss
133 silly fetch manifest mdast-util-mdxjs-esm@^2.0.0
134 silly packumentCache full:https://registry.npmmirror.com/mdast-util-mdxjs-esm cache-miss
135 silly fetch manifest property-information@^7.0.0
136 silly packumentCache full:https://registry.npmmirror.com/property-information cache-miss
137 silly fetch manifest space-separated-tokens@^2.0.0
138 silly packumentCache full:https://registry.npmmirror.com/space-separated-tokens cache-miss
139 silly fetch manifest style-to-js@^1.0.0
140 silly packumentCache full:https://registry.npmmirror.com/style-to-js cache-miss
141 silly fetch manifest unist-util-position@^5.0.0
142 silly packumentCache full:https://registry.npmmirror.com/unist-util-position cache-miss
143 silly fetch manifest vfile-message@^4.0.0
144 silly packumentCache full:https://registry.npmmirror.com/vfile-message cache-miss
145 silly fetch manifest @ungap/structured-clone@^1.0.0
146 silly packumentCache full:https://registry.npmmirror.com/@ungap%2fstructured-clone cache-miss
147 silly fetch manifest micromark-util-sanitize-uri@^2.0.0
148 silly packumentCache full:https://registry.npmmirror.com/micromark-util-sanitize-uri cache-miss
149 silly fetch manifest trim-lines@^3.0.0
150 silly packumentCache full:https://registry.npmmirror.com/trim-lines cache-miss
151 silly fetch manifest unist-util-position@^5.0.0
152 silly packumentCache full:https://registry.npmmirror.com/unist-util-position cache-miss
153 http fetch GET 200 https://registry.npmmirror.com/dequal 125ms (cache miss)
154 silly packumentCache full:https://registry.npmmirror.com/dequal set size:5565 disposed:false
155 silly fetch manifest mdast-util-from-markdown@^2.0.0
156 silly packumentCache full:https://registry.npmmirror.com/mdast-util-from-markdown cache-miss
157 http fetch GET 200 https://registry.npmmirror.com/space-separated-tokens 124ms (cache miss)
158 silly packumentCache full:https://registry.npmmirror.com/space-separated-tokens set size:7595 disposed:false
159 silly fetch manifest micromark-util-types@^2.0.0
160 silly packumentCache full:https://registry.npmmirror.com/micromark-util-types cache-miss
161 http fetch GET 200 https://registry.npmmirror.com/hast-util-whitespace 128ms (cache miss)
162 silly packumentCache full:https://registry.npmmirror.com/hast-util-whitespace set size:8149 disposed:false
163 silly fetch manifest @types/unist@^3.0.0
164 silly packumentCache full:https://registry.npmmirror.com/@types%2funist cache-miss
165 http fetch GET 200 https://registry.npmmirror.com/comma-separated-tokens 129ms (cache miss)
166 silly packumentCache full:https://registry.npmmirror.com/comma-separated-tokens set size:8797 disposed:false
167 silly fetch manifest bail@^2.0.0
168 silly packumentCache full:https://registry.npmmirror.com/bail cache-miss
169 http fetch GET 200 https://registry.npmmirror.com/unist-util-position 149ms (cache miss)
170 silly packumentCache full:https://registry.npmmirror.com/unist-util-position set size:11240 disposed:false
171 silly fetch manifest extend@^3.0.0
172 silly packumentCache full:https://registry.npmmirror.com/extend cache-miss
173 http fetch GET 200 https://registry.npmmirror.com/mdast-util-mdxjs-esm 165ms (cache miss)
174 silly packumentCache full:https://registry.npmmirror.com/mdast-util-mdxjs-esm set size:12908 disposed:false
175 silly fetch manifest is-plain-obj@^4.0.0
176 silly packumentCache full:https://registry.npmmirror.com/is-plain-obj cache-miss
177 http fetch GET 200 https://registry.npmmirror.com/mdast-util-mdx-expression 169ms (cache miss)
178 silly packumentCache full:https://registry.npmmirror.com/mdast-util-mdx-expression set size:14584 disposed:false
179 silly fetch manifest trough@^2.0.0
180 silly packumentCache full:https://registry.npmmirror.com/trough cache-miss
181 http fetch GET 200 https://registry.npmmirror.com/style-to-js 169ms (cache miss)
182 silly packumentCache full:https://registry.npmmirror.com/style-to-js set size:14481 disposed:false
183 silly fetch manifest @types/unist@^3.0.0
184 silly packumentCache full:https://registry.npmmirror.com/@types%2funist cache-miss
185 http fetch GET 200 https://registry.npmmirror.com/trim-lines 209ms (cache miss)
186 silly packumentCache full:https://registry.npmmirror.com/trim-lines set size:7250 disposed:false
187 silly fetch manifest unist-util-is@^6.0.0
188 silly packumentCache full:https://registry.npmmirror.com/unist-util-is cache-miss
189 http fetch GET 200 https://registry.npmmirror.com/@ungap%2fstructured-clone 211ms (cache miss)
190 silly packumentCache full:https://registry.npmmirror.com/@ungap%2fstructured-clone set size:14401 disposed:false
191 silly fetch manifest unist-util-visit-parents@^6.0.0
192 silly packumentCache full:https://registry.npmmirror.com/unist-util-visit-parents cache-miss
193 http fetch GET 200 https://registry.npmmirror.com/unist-util-position 224ms (cache miss)
194 silly packumentCache full:https://registry.npmmirror.com/unist-util-position set size:11240 disposed:false
195 silly packumentCache full:https://registry.npmmirror.com/unist-util-position dispose
196 silly fetch manifest @types/unist@^3.0.0
197 silly packumentCache full:https://registry.npmmirror.com/@types%2funist cache-miss
198 http fetch GET 200 https://registry.npmmirror.com/property-information 233ms (cache miss)
199 silly packumentCache full:https://registry.npmmirror.com/property-information set size:29784 disposed:false
200 silly fetch manifest vfile-message@^4.0.0
201 silly packumentCache full:https://registry.npmmirror.com/vfile-message cache-miss
202 http fetch GET 200 https://registry.npmmirror.com/estree-util-is-identifier-name 236ms (cache miss)
203 silly packumentCache full:https://registry.npmmirror.com/estree-util-is-identifier-name set size:7528 disposed:false
204 http fetch GET 200 https://registry.npmmirror.com/micromark-util-sanitize-uri 237ms (cache miss)
205 silly packumentCache full:https://registry.npmmirror.com/micromark-util-sanitize-uri set size:7045 disposed:false
206 http fetch GET 200 https://registry.npmmirror.com/mdast-util-mdx-jsx 242ms (cache miss)
207 silly packumentCache full:https://registry.npmmirror.com/mdast-util-mdx-jsx set size:23402 disposed:false
208 http fetch GET 200 https://registry.npmmirror.com/mdast-util-from-markdown 119ms (cache miss)
209 silly packumentCache full:https://registry.npmmirror.com/mdast-util-from-markdown set size:22966 disposed:false
210 http fetch GET 200 https://registry.npmmirror.com/vfile-message 245ms (cache miss)
211 silly packumentCache full:https://registry.npmmirror.com/vfile-message set size:16122 disposed:false
212 http fetch GET 200 https://registry.npmmirror.com/micromark-util-types 122ms (cache miss)
213 silly packumentCache full:https://registry.npmmirror.com/micromark-util-types set size:6647 disposed:false
214 http fetch GET 200 https://registry.npmmirror.com/extend 148ms (cache miss)
215 silly packumentCache full:https://registry.npmmirror.com/extend set size:5756 disposed:false
216 http fetch GET 200 https://registry.npmmirror.com/is-plain-obj 143ms (cache miss)
217 silly packumentCache full:https://registry.npmmirror.com/is-plain-obj set size:4299 disposed:false
218 http fetch GET 200 https://registry.npmmirror.com/vfile-message 92ms (cache miss)
219 silly packumentCache full:https://registry.npmmirror.com/vfile-message set size:16122 disposed:false
220 silly packumentCache full:https://registry.npmmirror.com/vfile-message dispose
221 http fetch GET 200 https://registry.npmmirror.com/trough 179ms (cache miss)
222 silly packumentCache full:https://registry.npmmirror.com/trough set size:10402 disposed:false
223 http fetch GET 200 https://registry.npmmirror.com/unist-util-visit-parents 150ms (cache miss)
224 silly packumentCache full:https://registry.npmmirror.com/unist-util-visit-parents set size:18513 disposed:false
225 http fetch GET 200 https://registry.npmmirror.com/unist-util-is 160ms (cache miss)
226 silly packumentCache full:https://registry.npmmirror.com/unist-util-is set size:15246 disposed:false
227 http fetch GET 200 https://registry.npmmirror.com/@types%2funist 1069ms (cache miss)
228 silly packumentCache full:https://registry.npmmirror.com/@types%2funist set size:7202 disposed:false
229 http fetch GET 200 https://registry.npmmirror.com/@types%2funist 1303ms (cache miss)
230 silly packumentCache full:https://registry.npmmirror.com/@types%2funist set size:7202 disposed:false
231 silly packumentCache full:https://registry.npmmirror.com/@types%2funist dispose
232 http fetch GET 200 https://registry.npmmirror.com/@types%2funist 1171ms (cache miss)
233 silly packumentCache full:https://registry.npmmirror.com/@types%2funist set size:7202 disposed:true
234 silly packumentCache full:https://registry.npmmirror.com/@types%2funist dispose
235 http fetch GET 200 https://registry.npmmirror.com/@types%2funist 1304ms (cache miss)
236 silly packumentCache full:https://registry.npmmirror.com/@types%2funist set size:7202 disposed:true
237 silly packumentCache full:https://registry.npmmirror.com/@types%2funist dispose
238 http fetch GET 200 https://registry.npmmirror.com/@types%2funist 1129ms (cache miss)
239 silly packumentCache full:https://registry.npmmirror.com/@types%2funist set size:7202 disposed:true
240 silly packumentCache full:https://registry.npmmirror.com/@types%2funist dispose
241 http fetch GET 200 https://registry.npmmirror.com/@types%2funist 1304ms (cache miss)
242 silly packumentCache full:https://registry.npmmirror.com/@types%2funist set size:7202 disposed:true
243 silly packumentCache full:https://registry.npmmirror.com/@types%2funist dispose
244 http fetch GET 200 https://registry.npmmirror.com/bail 1492ms (cache miss)
245 silly packumentCache full:https://registry.npmmirror.com/bail set size:6121 disposed:false
246 silly placeDep ROOT @types/unist@3.0.3 OK for: @types/hast@3.0.4 want: *
247 silly placeDep ROOT dequal@2.0.3 OK for: devlop@1.1.0 want: ^2.0.0
248 silly placeDep ROOT comma-separated-tokens@2.0.3 OK for: hast-util-to-jsx-runtime@2.3.6 want: ^2.0.0
249 silly placeDep ROOT estree-util-is-identifier-name@3.0.0 OK for: hast-util-to-jsx-runtime@2.3.6 want: ^3.0.0
250 silly placeDep ROOT hast-util-whitespace@3.0.0 OK for: hast-util-to-jsx-runtime@2.3.6 want: ^3.0.0
251 silly placeDep ROOT mdast-util-mdx-expression@2.0.1 OK for: hast-util-to-jsx-runtime@2.3.6 want: ^2.0.0
252 silly placeDep ROOT mdast-util-mdx-jsx@3.2.0 OK for: hast-util-to-jsx-runtime@2.3.6 want: ^3.0.0
253 silly placeDep ROOT mdast-util-mdxjs-esm@2.0.1 OK for: hast-util-to-jsx-runtime@2.3.6 want: ^2.0.0
254 silly placeDep ROOT property-information@7.1.0 OK for: hast-util-to-jsx-runtime@2.3.6 want: ^7.0.0
255 silly placeDep ROOT space-separated-tokens@2.0.2 OK for: hast-util-to-jsx-runtime@2.3.6 want: ^2.0.0
256 silly placeDep ROOT style-to-js@1.1.18 OK for: hast-util-to-jsx-runtime@2.3.6 want: ^1.0.0
257 silly placeDep ROOT unist-util-position@5.0.0 OK for: hast-util-to-jsx-runtime@2.3.6 want: ^5.0.0
258 silly placeDep ROOT vfile-message@4.0.3 OK for: hast-util-to-jsx-runtime@2.3.6 want: ^4.0.0
259 silly fetch manifest @types/estree-jsx@^1.0.0
260 silly packumentCache full:https://registry.npmmirror.com/@types%2festree-jsx cache-miss
261 silly fetch manifest mdast-util-to-markdown@^2.0.0
262 silly packumentCache full:https://registry.npmmirror.com/mdast-util-to-markdown cache-miss
263 silly fetch manifest @types/estree-jsx@^1.0.0
264 silly packumentCache full:https://registry.npmmirror.com/@types%2festree-jsx cache-miss
265 silly fetch manifest ccount@^2.0.0
266 silly packumentCache full:https://registry.npmmirror.com/ccount cache-miss
267 silly fetch manifest mdast-util-to-markdown@^2.0.0
268 silly packumentCache full:https://registry.npmmirror.com/mdast-util-to-markdown cache-miss
269 silly fetch manifest parse-entities@^4.0.0
270 silly packumentCache full:https://registry.npmmirror.com/parse-entities cache-miss
271 silly fetch manifest stringify-entities@^4.0.0
272 silly packumentCache full:https://registry.npmmirror.com/stringify-entities cache-miss
273 silly fetch manifest unist-util-stringify-position@^4.0.0
274 silly packumentCache full:https://registry.npmmirror.com/unist-util-stringify-position cache-miss
275 silly fetch manifest @types/estree-jsx@^1.0.0
276 silly packumentCache full:https://registry.npmmirror.com/@types%2festree-jsx cache-miss
277 silly fetch manifest mdast-util-to-markdown@^2.0.0
278 silly packumentCache full:https://registry.npmmirror.com/mdast-util-to-markdown cache-miss
279 silly fetch manifest style-to-object@1.0.11
280 silly packumentCache full:https://registry.npmmirror.com/style-to-object cache-miss
281 silly fetch manifest unist-util-stringify-position@^4.0.0
282 silly packumentCache full:https://registry.npmmirror.com/unist-util-stringify-position cache-miss
283 http fetch GET 200 https://registry.npmmirror.com/parse-entities 117ms (cache miss)
284 silly packumentCache full:https://registry.npmmirror.com/parse-entities set size:12657 disposed:false
285 http fetch GET 200 https://registry.npmmirror.com/mdast-util-to-markdown 123ms (cache miss)
286 silly packumentCache full:https://registry.npmmirror.com/mdast-util-to-markdown set size:27987 disposed:false
287 http fetch GET 200 https://registry.npmmirror.com/@types%2festree-jsx 126ms (cache miss)
288 silly packumentCache full:https://registry.npmmirror.com/@types%2festree-jsx set size:5539 disposed:false
289 http fetch GET 200 https://registry.npmmirror.com/@types%2festree-jsx 128ms (cache miss)
290 silly packumentCache full:https://registry.npmmirror.com/@types%2festree-jsx set size:5539 disposed:false
291 silly packumentCache full:https://registry.npmmirror.com/@types%2festree-jsx dispose
292 http fetch GET 200 https://registry.npmmirror.com/mdast-util-to-markdown 129ms (cache miss)
293 silly packumentCache full:https://registry.npmmirror.com/mdast-util-to-markdown set size:27987 disposed:false
294 silly packumentCache full:https://registry.npmmirror.com/mdast-util-to-markdown dispose
295 http fetch GET 200 https://registry.npmmirror.com/@types%2festree-jsx 131ms (cache miss)
296 silly packumentCache full:https://registry.npmmirror.com/@types%2festree-jsx set size:5539 disposed:true
297 silly packumentCache full:https://registry.npmmirror.com/@types%2festree-jsx dispose
298 http fetch GET 200 https://registry.npmmirror.com/mdast-util-to-markdown 146ms (cache miss)
299 silly packumentCache full:https://registry.npmmirror.com/mdast-util-to-markdown set size:27987 disposed:true
300 silly packumentCache full:https://registry.npmmirror.com/mdast-util-to-markdown dispose
301 http fetch GET 200 https://registry.npmmirror.com/unist-util-stringify-position 146ms (cache miss)
302 silly packumentCache full:https://registry.npmmirror.com/unist-util-stringify-position set size:11357 disposed:false
303 http fetch GET 200 https://registry.npmmirror.com/unist-util-stringify-position 150ms (cache miss)
304 silly packumentCache full:https://registry.npmmirror.com/unist-util-stringify-position set size:11357 disposed:false
305 silly packumentCache full:https://registry.npmmirror.com/unist-util-stringify-position dispose
306 http fetch GET 200 https://registry.npmmirror.com/stringify-entities 156ms (cache miss)
307 silly packumentCache full:https://registry.npmmirror.com/stringify-entities set size:12353 disposed:false
308 http fetch GET 200 https://registry.npmmirror.com/ccount 162ms (cache miss)
309 silly packumentCache full:https://registry.npmmirror.com/ccount set size:6405 disposed:false
310 http fetch GET 200 https://registry.npmmirror.com/style-to-object 161ms (cache miss)
311 silly packumentCache full:https://registry.npmmirror.com/style-to-object set size:15117 disposed:false
312 silly placeDep ROOT @types/estree-jsx@1.0.5 OK for: mdast-util-mdx-expression@2.0.1 want: ^1.0.0
313 silly placeDep ROOT mdast-util-from-markdown@2.0.2 OK for: mdast-util-mdx-expression@2.0.1 want: ^2.0.0
314 silly placeDep ROOT mdast-util-to-markdown@2.1.2 OK for: mdast-util-mdx-expression@2.0.1 want: ^2.0.0
315 silly fetch manifest decode-named-character-reference@^1.0.0
316 silly packumentCache full:https://registry.npmmirror.com/decode-named-character-reference cache-miss
317 silly fetch manifest mdast-util-to-string@^4.0.0
318 silly packumentCache full:https://registry.npmmirror.com/mdast-util-to-string cache-miss
319 silly fetch manifest micromark@^4.0.0
320 silly packumentCache full:https://registry.npmmirror.com/micromark cache-miss
321 silly fetch manifest micromark-util-decode-numeric-character-reference@^2.0.0
322 silly packumentCache full:https://registry.npmmirror.com/micromark-util-decode-numeric-character-reference cache-miss
323 silly fetch manifest micromark-util-decode-string@^2.0.0
324 silly packumentCache full:https://registry.npmmirror.com/micromark-util-decode-string cache-miss
325 silly fetch manifest micromark-util-normalize-identifier@^2.0.0
326 silly packumentCache full:https://registry.npmmirror.com/micromark-util-normalize-identifier cache-miss
327 silly fetch manifest micromark-util-symbol@^2.0.0
328 silly packumentCache full:https://registry.npmmirror.com/micromark-util-symbol cache-miss
329 silly fetch manifest longest-streak@^3.0.0
330 silly packumentCache full:https://registry.npmmirror.com/longest-streak cache-miss
331 silly fetch manifest mdast-util-phrasing@^4.0.0
332 silly packumentCache full:https://registry.npmmirror.com/mdast-util-phrasing cache-miss
333 silly fetch manifest mdast-util-to-string@^4.0.0
334 silly packumentCache full:https://registry.npmmirror.com/mdast-util-to-string cache-miss
335 silly fetch manifest micromark-util-classify-character@^2.0.0
336 silly packumentCache full:https://registry.npmmirror.com/micromark-util-classify-character cache-miss
337 silly fetch manifest micromark-util-decode-string@^2.0.0
338 silly packumentCache full:https://registry.npmmirror.com/micromark-util-decode-string cache-miss
339 silly fetch manifest zwitch@^2.0.0
340 silly packumentCache full:https://registry.npmmirror.com/zwitch cache-miss
341 http fetch GET 200 https://registry.npmmirror.com/micromark-util-decode-string 100ms (cache miss)
342 silly packumentCache full:https://registry.npmmirror.com/micromark-util-decode-string set size:5723 disposed:false
343 http fetch GET 200 https://registry.npmmirror.com/micromark-util-decode-string 107ms (cache miss)
344 silly packumentCache full:https://registry.npmmirror.com/micromark-util-decode-string set size:5723 disposed:false
345 silly packumentCache full:https://registry.npmmirror.com/micromark-util-decode-string dispose
346 http fetch GET 200 https://registry.npmmirror.com/micromark-util-normalize-identifier 110ms (cache miss)
347 silly packumentCache full:https://registry.npmmirror.com/micromark-util-normalize-identifier set size:5610 disposed:false
348 http fetch GET 200 https://registry.npmmirror.com/micromark-util-classify-character 110ms (cache miss)
349 silly packumentCache full:https://registry.npmmirror.com/micromark-util-classify-character set size:5673 disposed:false
350 http fetch GET 200 https://registry.npmmirror.com/decode-named-character-reference 113ms (cache miss)
351 silly packumentCache full:https://registry.npmmirror.com/decode-named-character-reference set size:6779 disposed:false
352 http fetch GET 200 https://registry.npmmirror.com/mdast-util-phrasing 111ms (cache miss)
353 silly packumentCache full:https://registry.npmmirror.com/mdast-util-phrasing set size:7944 disposed:false
354 http fetch GET 200 https://registry.npmmirror.com/micromark-util-decode-numeric-character-reference 114ms (cache miss)
355 silly packumentCache full:https://registry.npmmirror.com/micromark-util-decode-numeric-character-reference set size:5106 disposed:false
356 http fetch GET 200 https://registry.npmmirror.com/micromark-util-symbol 113ms (cache miss)
357 silly packumentCache full:https://registry.npmmirror.com/micromark-util-symbol set size:6253 disposed:false
358 http fetch GET 200 https://registry.npmmirror.com/zwitch 112ms (cache miss)
359 silly packumentCache full:https://registry.npmmirror.com/zwitch set size:8964 disposed:false
360 http fetch GET 200 https://registry.npmmirror.com/mdast-util-to-string 114ms (cache miss)
361 silly packumentCache full:https://registry.npmmirror.com/mdast-util-to-string set size:12390 disposed:false
362 http fetch GET 200 https://registry.npmmirror.com/mdast-util-to-string 119ms (cache miss)
363 silly packumentCache full:https://registry.npmmirror.com/mdast-util-to-string set size:12390 disposed:false
364 silly packumentCache full:https://registry.npmmirror.com/mdast-util-to-string dispose
365 http fetch GET 200 https://registry.npmmirror.com/longest-streak 122ms (cache miss)
366 silly packumentCache full:https://registry.npmmirror.com/longest-streak set size:7358 disposed:false
367 http fetch GET 200 https://registry.npmmirror.com/micromark 152ms (cache miss)
368 silly packumentCache full:https://registry.npmmirror.com/micromark set size:29143 disposed:false
369 silly placeDep ROOT decode-named-character-reference@1.2.0 OK for: mdast-util-from-markdown@2.0.2 want: ^1.0.0
370 silly placeDep ROOT mdast-util-to-string@4.0.0 OK for: mdast-util-from-markdown@2.0.2 want: ^4.0.0
371 silly placeDep ROOT micromark@4.0.2 OK for: mdast-util-from-markdown@2.0.2 want: ^4.0.0
372 silly placeDep ROOT micromark-util-decode-numeric-character-reference@2.0.2 OK for: mdast-util-from-markdown@2.0.2 want: ^2.0.0
373 silly placeDep ROOT micromark-util-decode-string@2.0.1 OK for: mdast-util-from-markdown@2.0.2 want: ^2.0.0
374 silly placeDep ROOT micromark-util-normalize-identifier@2.0.1 OK for: mdast-util-from-markdown@2.0.2 want: ^2.0.0
375 silly placeDep ROOT micromark-util-symbol@2.0.1 OK for: mdast-util-from-markdown@2.0.2 want: ^2.0.0
376 silly placeDep ROOT micromark-util-types@2.0.2 OK for: mdast-util-from-markdown@2.0.2 want: ^2.0.0
377 silly placeDep ROOT unist-util-stringify-position@4.0.0 OK for: mdast-util-from-markdown@2.0.2 want: ^4.0.0
378 silly fetch manifest character-entities@^2.0.0
379 silly packumentCache full:https://registry.npmmirror.com/character-entities cache-miss
380 silly fetch manifest @types/debug@^4.0.0
381 silly packumentCache full:https://registry.npmmirror.com/@types%2fdebug cache-miss
382 silly fetch manifest micromark-core-commonmark@^2.0.0
383 silly packumentCache full:https://registry.npmmirror.com/micromark-core-commonmark cache-miss
384 silly fetch manifest micromark-factory-space@^2.0.0
385 silly packumentCache full:https://registry.npmmirror.com/micromark-factory-space cache-miss
386 silly fetch manifest micromark-util-character@^2.0.0
387 silly packumentCache full:https://registry.npmmirror.com/micromark-util-character cache-miss
388 silly fetch manifest micromark-util-chunked@^2.0.0
389 silly packumentCache full:https://registry.npmmirror.com/micromark-util-chunked cache-miss
390 silly fetch manifest micromark-util-combine-extensions@^2.0.0
391 silly packumentCache full:https://registry.npmmirror.com/micromark-util-combine-extensions cache-miss
392 silly fetch manifest micromark-util-encode@^2.0.0
393 silly packumentCache full:https://registry.npmmirror.com/micromark-util-encode cache-miss
394 silly fetch manifest micromark-util-resolve-all@^2.0.0
395 silly packumentCache full:https://registry.npmmirror.com/micromark-util-resolve-all cache-miss
396 silly fetch manifest micromark-util-subtokenize@^2.0.0
397 silly packumentCache full:https://registry.npmmirror.com/micromark-util-subtokenize cache-miss
398 silly fetch manifest micromark-util-character@^2.0.0
399 silly packumentCache full:https://registry.npmmirror.com/micromark-util-character cache-miss
400 http fetch GET 200 https://registry.npmmirror.com/micromark-core-commonmark 106ms (cache miss)
401 silly packumentCache full:https://registry.npmmirror.com/micromark-core-commonmark set size:10141 disposed:false
402 http fetch GET 200 https://registry.npmmirror.com/micromark-util-combine-extensions 114ms (cache miss)
403 silly packumentCache full:https://registry.npmmirror.com/micromark-util-combine-extensions set size:5485 disposed:false
404 http fetch GET 200 https://registry.npmmirror.com/micromark-factory-space 114ms (cache miss)
405 silly packumentCache full:https://registry.npmmirror.com/micromark-factory-space set size:5891 disposed:false
406 http fetch GET 200 https://registry.npmmirror.com/micromark-util-resolve-all 115ms (cache miss)
407 silly packumentCache full:https://registry.npmmirror.com/micromark-util-resolve-all set size:5858 disposed:false
408 http fetch GET 200 https://registry.npmmirror.com/@types%2fdebug 118ms (cache miss)
409 silly packumentCache full:https://registry.npmmirror.com/@types%2fdebug set size:9523 disposed:false
410 http fetch GET 200 https://registry.npmmirror.com/micromark-util-character 117ms (cache miss)
411 silly packumentCache full:https://registry.npmmirror.com/micromark-util-character set size:8216 disposed:false
412 http fetch GET 200 https://registry.npmmirror.com/micromark-util-character 116ms (cache miss)
413 silly packumentCache full:https://registry.npmmirror.com/micromark-util-character set size:8216 disposed:false
414 silly packumentCache full:https://registry.npmmirror.com/micromark-util-character dispose
415 http fetch GET 200 https://registry.npmmirror.com/micromark-util-encode 117ms (cache miss)
416 silly packumentCache full:https://registry.npmmirror.com/micromark-util-encode set size:6178 disposed:false
417 http fetch GET 200 https://registry.npmmirror.com/micromark-util-chunked 119ms (cache miss)
418 silly packumentCache full:https://registry.npmmirror.com/micromark-util-chunked set size:5719 disposed:false
419 http fetch GET 200 https://registry.npmmirror.com/micromark-util-subtokenize 117ms (cache miss)
420 silly packumentCache full:https://registry.npmmirror.com/micromark-util-subtokenize set size:7522 disposed:false
421 http fetch GET 200 https://registry.npmmirror.com/character-entities 143ms (cache miss)
422 silly packumentCache full:https://registry.npmmirror.com/character-entities set size:7960 disposed:false
423 silly placeDep ROOT character-entities@2.0.2 OK for: decode-named-character-reference@1.2.0 want: ^2.0.0
424 silly placeDep ROOT ccount@2.0.1 OK for: mdast-util-mdx-jsx@3.2.0 want: ^2.0.0
425 silly placeDep ROOT parse-entities@4.0.2 OK for: mdast-util-mdx-jsx@3.2.0 want: ^4.0.0
426 silly placeDep ROOT stringify-entities@4.0.4 OK for: mdast-util-mdx-jsx@3.2.0 want: ^4.0.0
427 silly fetch manifest @types/unist@^2.0.0
428 silly packumentCache full:https://registry.npmmirror.com/@types%2funist cache-hit
429 silly fetch manifest character-entities-legacy@^3.0.0
430 silly packumentCache full:https://registry.npmmirror.com/character-entities-legacy cache-miss
431 silly fetch manifest character-reference-invalid@^2.0.0
432 silly packumentCache full:https://registry.npmmirror.com/character-reference-invalid cache-miss
433 silly fetch manifest is-alphanumerical@^2.0.0
434 silly packumentCache full:https://registry.npmmirror.com/is-alphanumerical cache-miss
435 silly fetch manifest is-decimal@^2.0.0
436 silly packumentCache full:https://registry.npmmirror.com/is-decimal cache-miss
437 silly fetch manifest is-hexadecimal@^2.0.0
438 silly packumentCache full:https://registry.npmmirror.com/is-hexadecimal cache-miss
439 silly fetch manifest character-entities-html4@^2.0.0
440 silly packumentCache full:https://registry.npmmirror.com/character-entities-html4 cache-miss
441 silly fetch manifest character-entities-legacy@^3.0.0
442 silly packumentCache full:https://registry.npmmirror.com/character-entities-legacy cache-miss
443 http fetch GET 200 https://registry.npmmirror.com/is-alphanumerical 93ms (cache miss)
444 silly packumentCache full:https://registry.npmmirror.com/is-alphanumerical set size:5430 disposed:false
445 http fetch GET 200 https://registry.npmmirror.com/is-hexadecimal 94ms (cache miss)
446 silly packumentCache full:https://registry.npmmirror.com/is-hexadecimal set size:5391 disposed:false
447 http fetch GET 200 https://registry.npmmirror.com/is-decimal 97ms (cache miss)
448 silly packumentCache full:https://registry.npmmirror.com/is-decimal set size:5353 disposed:false
449 http fetch GET 200 https://registry.npmmirror.com/character-reference-invalid 108ms (cache miss)
450 silly packumentCache full:https://registry.npmmirror.com/character-reference-invalid set size:6893 disposed:false
451 http fetch GET 200 https://registry.npmmirror.com/character-entities-html4 133ms (cache miss)
452 silly packumentCache full:https://registry.npmmirror.com/character-entities-html4 set size:6563 disposed:false
453 http fetch GET 200 https://registry.npmmirror.com/character-entities-legacy 1266ms (cache miss)
454 silly packumentCache full:https://registry.npmmirror.com/character-entities-legacy set size:6779 disposed:false
455 http fetch GET 200 https://registry.npmmirror.com/character-entities-legacy 1272ms (cache miss)
456 silly packumentCache full:https://registry.npmmirror.com/character-entities-legacy set size:6779 disposed:false
457 silly packumentCache full:https://registry.npmmirror.com/character-entities-legacy dispose
458 silly placeDep ROOT @ungap/structured-clone@1.3.0 OK for: mdast-util-to-hast@13.2.0 want: ^1.0.0
459 silly placeDep ROOT micromark-util-sanitize-uri@2.0.1 OK for: mdast-util-to-hast@13.2.0 want: ^2.0.0
460 silly placeDep ROOT trim-lines@3.0.1 OK for: mdast-util-to-hast@13.2.0 want: ^3.0.0
461 silly placeDep ROOT longest-streak@3.1.0 OK for: mdast-util-to-markdown@2.1.2 want: ^3.0.0
462 silly placeDep ROOT mdast-util-phrasing@4.1.0 OK for: mdast-util-to-markdown@2.1.2 want: ^4.0.0
463 silly placeDep ROOT micromark-util-classify-character@2.0.1 OK for: mdast-util-to-markdown@2.1.2 want: ^2.0.0
464 silly placeDep ROOT zwitch@2.0.4 OK for: mdast-util-to-markdown@2.1.2 want: ^2.0.0
465 silly placeDep ROOT unist-util-is@6.0.1 OK for: mdast-util-phrasing@4.1.0 want: ^6.0.0
466 silly placeDep ROOT @types/debug@4.1.12 OK for: micromark@4.0.2 want: ^4.0.0
467 silly placeDep ROOT micromark-core-commonmark@2.0.3 OK for: micromark@4.0.2 want: ^2.0.0
468 silly placeDep ROOT micromark-factory-space@2.0.1 OK for: micromark@4.0.2 want: ^2.0.0
469 silly placeDep ROOT micromark-util-character@2.1.1 OK for: micromark@4.0.2 want: ^2.0.0
470 silly placeDep ROOT micromark-util-chunked@2.0.1 OK for: micromark@4.0.2 want: ^2.0.0
471 silly placeDep ROOT micromark-util-combine-extensions@2.0.1 OK for: micromark@4.0.2 want: ^2.0.0
472 silly placeDep ROOT micromark-util-encode@2.0.1 OK for: micromark@4.0.2 want: ^2.0.0
473 silly placeDep ROOT micromark-util-resolve-all@2.0.1 OK for: micromark@4.0.2 want: ^2.0.0
474 silly placeDep ROOT micromark-util-subtokenize@2.1.0 OK for: micromark@4.0.2 want: ^2.0.0
475 silly fetch manifest @types/ms@*
476 silly packumentCache full:https://registry.npmmirror.com/@types%2fms cache-miss
477 silly fetch manifest micromark-factory-destination@^2.0.0
478 silly packumentCache full:https://registry.npmmirror.com/micromark-factory-destination cache-miss
479 silly fetch manifest micromark-factory-label@^2.0.0
480 silly packumentCache full:https://registry.npmmirror.com/micromark-factory-label cache-miss
481 silly fetch manifest micromark-factory-title@^2.0.0
482 silly packumentCache full:https://registry.npmmirror.com/micromark-factory-title cache-miss
483 silly fetch manifest micromark-factory-whitespace@^2.0.0
484 silly packumentCache full:https://registry.npmmirror.com/micromark-factory-whitespace cache-miss
485 silly fetch manifest micromark-util-html-tag-name@^2.0.0
486 silly packumentCache full:https://registry.npmmirror.com/micromark-util-html-tag-name cache-miss
487 http fetch GET 200 https://registry.npmmirror.com/micromark-factory-destination 110ms (cache miss)
488 silly packumentCache full:https://registry.npmmirror.com/micromark-factory-destination set size:5777 disposed:false
489 http fetch GET 200 https://registry.npmmirror.com/micromark-util-html-tag-name 109ms (cache miss)
490 silly packumentCache full:https://registry.npmmirror.com/micromark-util-html-tag-name set size:6593 disposed:false
491 http fetch GET 200 https://registry.npmmirror.com/micromark-factory-whitespace 110ms (cache miss)
492 silly packumentCache full:https://registry.npmmirror.com/micromark-factory-whitespace set size:5742 disposed:false
493 http fetch GET 200 https://registry.npmmirror.com/micromark-factory-title 111ms (cache miss)
494 silly packumentCache full:https://registry.npmmirror.com/micromark-factory-title set size:6323 disposed:false
495 http fetch GET 200 https://registry.npmmirror.com/micromark-factory-label 112ms (cache miss)
496 silly packumentCache full:https://registry.npmmirror.com/micromark-factory-label set size:6352 disposed:false
497 http fetch GET 200 https://registry.npmmirror.com/@types%2fms 141ms (cache miss)
498 silly packumentCache full:https://registry.npmmirror.com/@types%2fms set size:6494 disposed:false
499 silly placeDep ROOT @types/ms@2.1.0 OK for: @types/debug@4.1.12 want: *
500 silly placeDep ROOT micromark-factory-destination@2.0.1 OK for: micromark-core-commonmark@2.0.3 want: ^2.0.0
501 silly placeDep ROOT micromark-factory-label@2.0.1 OK for: micromark-core-commonmark@2.0.3 want: ^2.0.0
502 silly placeDep ROOT micromark-factory-title@2.0.1 OK for: micromark-core-commonmark@2.0.3 want: ^2.0.0
503 silly placeDep ROOT micromark-factory-whitespace@2.0.1 OK for: micromark-core-commonmark@2.0.3 want: ^2.0.0
504 silly placeDep ROOT micromark-util-html-tag-name@2.0.1 OK for: micromark-core-commonmark@2.0.3 want: ^2.0.0
505 silly placeDep node_modules/parse-entities @types/unist@2.0.11 OK for: parse-entities@4.0.2 want: ^2.0.0
506 silly placeDep ROOT character-entities-legacy@3.0.0 OK for: parse-entities@4.0.2 want: ^3.0.0
507 silly placeDep ROOT character-reference-invalid@2.0.1 OK for: parse-entities@4.0.2 want: ^2.0.0
508 silly placeDep ROOT is-alphanumerical@2.0.1 OK for: parse-entities@4.0.2 want: ^2.0.0
509 silly placeDep ROOT is-decimal@2.0.1 OK for: parse-entities@4.0.2 want: ^2.0.0
510 silly placeDep ROOT is-hexadecimal@2.0.1 OK for: parse-entities@4.0.2 want: ^2.0.0
511 silly fetch manifest is-alphabetical@^2.0.0
512 silly packumentCache full:https://registry.npmmirror.com/is-alphabetical cache-miss
513 http fetch GET 200 https://registry.npmmirror.com/is-alphabetical 85ms (cache miss)
514 silly packumentCache full:https://registry.npmmirror.com/is-alphabetical set size:5433 disposed:false
515 silly placeDep ROOT is-alphabetical@2.0.1 OK for: is-alphanumerical@2.0.1 want: ^2.0.0
516 silly placeDep ROOT mdast-util-gfm@3.1.0 OK for: remark-gfm@4.0.1 want: ^3.0.0
517 silly placeDep ROOT micromark-extension-gfm@3.0.0 OK for: remark-gfm@4.0.1 want: ^3.0.0
518 silly placeDep ROOT remark-stringify@11.0.0 OK for: remark-gfm@4.0.1 want: ^11.0.0
519 silly fetch manifest mdast-util-gfm-autolink-literal@^2.0.0
520 silly packumentCache full:https://registry.npmmirror.com/mdast-util-gfm-autolink-literal cache-miss
521 silly fetch manifest mdast-util-gfm-footnote@^2.0.0
522 silly packumentCache full:https://registry.npmmirror.com/mdast-util-gfm-footnote cache-miss
523 silly fetch manifest mdast-util-gfm-strikethrough@^2.0.0
524 silly packumentCache full:https://registry.npmmirror.com/mdast-util-gfm-strikethrough cache-miss
525 silly fetch manifest mdast-util-gfm-table@^2.0.0
526 silly packumentCache full:https://registry.npmmirror.com/mdast-util-gfm-table cache-miss
527 silly fetch manifest mdast-util-gfm-task-list-item@^2.0.0
528 silly packumentCache full:https://registry.npmmirror.com/mdast-util-gfm-task-list-item cache-miss
529 silly fetch manifest micromark-extension-gfm-autolink-literal@^2.0.0
530 silly packumentCache full:https://registry.npmmirror.com/micromark-extension-gfm-autolink-literal cache-miss
531 silly fetch manifest micromark-extension-gfm-footnote@^2.0.0
532 silly packumentCache full:https://registry.npmmirror.com/micromark-extension-gfm-footnote cache-miss
533 silly fetch manifest micromark-extension-gfm-strikethrough@^2.0.0
534 silly packumentCache full:https://registry.npmmirror.com/micromark-extension-gfm-strikethrough cache-miss
535 silly fetch manifest micromark-extension-gfm-table@^2.0.0
536 silly packumentCache full:https://registry.npmmirror.com/micromark-extension-gfm-table cache-miss
537 silly fetch manifest micromark-extension-gfm-tagfilter@^2.0.0
538 silly packumentCache full:https://registry.npmmirror.com/micromark-extension-gfm-tagfilter cache-miss
539 silly fetch manifest micromark-extension-gfm-task-list-item@^2.0.0
540 silly packumentCache full:https://registry.npmmirror.com/micromark-extension-gfm-task-list-item cache-miss
541 http fetch GET 200 https://registry.npmmirror.com/mdast-util-gfm-footnote 132ms (cache miss)
542 silly packumentCache full:https://registry.npmmirror.com/mdast-util-gfm-footnote set size:9759 disposed:false
543 http fetch GET 200 https://registry.npmmirror.com/mdast-util-gfm-task-list-item 133ms (cache miss)
544 silly packumentCache full:https://registry.npmmirror.com/mdast-util-gfm-task-list-item set size:10163 disposed:false
545 http fetch GET 200 https://registry.npmmirror.com/micromark-extension-gfm-table 132ms (cache miss)
546 silly packumentCache full:https://registry.npmmirror.com/micromark-extension-gfm-table set size:15921 disposed:false
547 http fetch GET 200 https://registry.npmmirror.com/mdast-util-gfm-strikethrough 135ms (cache miss)
548 silly packumentCache full:https://registry.npmmirror.com/mdast-util-gfm-strikethrough set size:10739 disposed:false
549 http fetch GET 200 https://registry.npmmirror.com/micromark-extension-gfm-task-list-item 132ms (cache miss)
550 silly packumentCache full:https://registry.npmmirror.com/micromark-extension-gfm-task-list-item set size:12262 disposed:false
551 http fetch GET 200 https://registry.npmmirror.com/mdast-util-gfm-autolink-literal 138ms (cache miss)
552 silly packumentCache full:https://registry.npmmirror.com/mdast-util-gfm-autolink-literal set size:9800 disposed:false
553 http fetch GET 200 https://registry.npmmirror.com/micromark-extension-gfm-footnote 136ms (cache miss)
554 silly packumentCache full:https://registry.npmmirror.com/micromark-extension-gfm-footnote set size:16128 disposed:false
555 http fetch GET 200 https://registry.npmmirror.com/micromark-extension-gfm-tagfilter 136ms (cache miss)
556 silly packumentCache full:https://registry.npmmirror.com/micromark-extension-gfm-tagfilter set size:8011 disposed:false
557 http fetch GET 200 https://registry.npmmirror.com/mdast-util-gfm-table 139ms (cache miss)
558 silly packumentCache full:https://registry.npmmirror.com/mdast-util-gfm-table set size:16951 disposed:false
559 http fetch GET 200 https://registry.npmmirror.com/micromark-extension-gfm-autolink-literal 139ms (cache miss)
560 silly packumentCache full:https://registry.npmmirror.com/micromark-extension-gfm-autolink-literal set size:15762 disposed:false
561 http fetch GET 200 https://registry.npmmirror.com/micromark-extension-gfm-strikethrough 140ms (cache miss)
562 silly packumentCache full:https://registry.npmmirror.com/micromark-extension-gfm-strikethrough set size:14145 disposed:false
563 silly placeDep ROOT mdast-util-gfm-autolink-literal@2.0.1 OK for: mdast-util-gfm@3.1.0 want: ^2.0.0
564 silly placeDep ROOT mdast-util-gfm-footnote@2.1.0 OK for: mdast-util-gfm@3.1.0 want: ^2.0.0
565 silly placeDep ROOT mdast-util-gfm-strikethrough@2.0.0 OK for: mdast-util-gfm@3.1.0 want: ^2.0.0
566 silly placeDep ROOT mdast-util-gfm-table@2.0.0 OK for: mdast-util-gfm@3.1.0 want: ^2.0.0
567 silly placeDep ROOT mdast-util-gfm-task-list-item@2.0.0 OK for: mdast-util-gfm@3.1.0 want: ^2.0.0
568 silly fetch manifest mdast-util-find-and-replace@^3.0.0
569 silly packumentCache full:https://registry.npmmirror.com/mdast-util-find-and-replace cache-miss
570 silly fetch manifest markdown-table@^3.0.0
571 silly packumentCache full:https://registry.npmmirror.com/markdown-table cache-miss
572 http fetch GET 200 https://registry.npmmirror.com/mdast-util-find-and-replace 92ms (cache miss)
573 silly packumentCache full:https://registry.npmmirror.com/mdast-util-find-and-replace set size:12052 disposed:false
574 http fetch GET 200 https://registry.npmmirror.com/markdown-table 133ms (cache miss)
575 silly packumentCache full:https://registry.npmmirror.com/markdown-table set size:13435 disposed:false
576 silly placeDep ROOT mdast-util-find-and-replace@3.0.2 OK for: mdast-util-gfm-autolink-literal@2.0.1 want: ^3.0.0
577 silly fetch manifest escape-string-regexp@^5.0.0
578 silly packumentCache full:https://registry.npmmirror.com/escape-string-regexp cache-miss
579 http fetch GET 200 https://registry.npmmirror.com/escape-string-regexp 109ms (cache miss)
580 silly packumentCache full:https://registry.npmmirror.com/escape-string-regexp set size:4070 disposed:false
581 silly placeDep node_modules/mdast-util-find-and-replace escape-string-regexp@5.0.0 OK for: mdast-util-find-and-replace@3.0.2 want: ^5.0.0
582 silly placeDep ROOT unist-util-visit-parents@6.0.2 OK for: mdast-util-find-and-replace@3.0.2 want: ^6.0.0
583 silly placeDep ROOT markdown-table@3.0.4 OK for: mdast-util-gfm-table@2.0.0 want: ^3.0.0
584 silly placeDep ROOT micromark-extension-gfm-autolink-literal@2.1.0 OK for: micromark-extension-gfm@3.0.0 want: ^2.0.0
585 silly placeDep ROOT micromark-extension-gfm-footnote@2.1.0 OK for: micromark-extension-gfm@3.0.0 want: ^2.0.0
586 silly placeDep ROOT micromark-extension-gfm-strikethrough@2.1.0 OK for: micromark-extension-gfm@3.0.0 want: ^2.0.0
587 silly placeDep ROOT micromark-extension-gfm-table@2.1.1 OK for: micromark-extension-gfm@3.0.0 want: ^2.0.0
588 silly placeDep ROOT micromark-extension-gfm-tagfilter@2.0.0 OK for: micromark-extension-gfm@3.0.0 want: ^2.0.0
589 silly placeDep ROOT micromark-extension-gfm-task-list-item@2.1.0 OK for: micromark-extension-gfm@3.0.0 want: ^2.0.0
590 silly placeDep ROOT character-entities-html4@2.1.0 OK for: stringify-entities@4.0.4 want: ^2.0.0
591 silly placeDep ROOT style-to-object@1.0.11 OK for: style-to-js@1.1.18 want: 1.0.11
592 silly fetch manifest inline-style-parser@0.2.4
593 silly packumentCache full:https://registry.npmmirror.com/inline-style-parser cache-miss
594 http fetch GET 200 https://registry.npmmirror.com/inline-style-parser 137ms (cache miss)
595 silly packumentCache full:https://registry.npmmirror.com/inline-style-parser set size:8392 disposed:false
596 silly placeDep ROOT inline-style-parser@0.2.4 OK for: style-to-object@1.0.11 want: 0.2.4
597 silly placeDep ROOT bail@2.0.2 OK for: unified@11.0.5 want: ^2.0.0
598 silly placeDep ROOT extend@3.0.2 OK for: unified@11.0.5 want: ^3.0.0
599 silly placeDep ROOT is-plain-obj@4.1.0 OK for: unified@11.0.5 want: ^4.0.0
600 silly placeDep ROOT trough@2.2.0 OK for: unified@11.0.5 want: ^2.0.0
601 silly reify moves {}
602 silly audit bulk request {
602 silly audit   '@alloc/quick-lru': [ '5.2.0' ],
602 silly audit   '@emnapi/core': [ '1.5.0' ],
602 silly audit   '@emnapi/runtime': [ '1.5.0' ],
602 silly audit   '@emnapi/wasi-threads': [ '1.1.0' ],
602 silly audit   '@eslint-community/eslint-utils': [ '4.9.0' ],
602 silly audit   'eslint-visitor-keys': [ '3.4.3', '4.2.1' ],
602 silly audit   '@eslint-community/regexpp': [ '4.12.1' ],
602 silly audit   '@eslint/config-array': [ '0.21.0' ],
602 silly audit   '@eslint/config-helpers': [ '0.3.1' ],
602 silly audit   '@eslint/core': [ '0.15.2' ],
602 silly audit   '@eslint/eslintrc': [ '3.3.1' ],
602 silly audit   '@eslint/js': [ '9.35.0' ],
602 silly audit   '@eslint/object-schema': [ '2.1.6' ],
602 silly audit   '@eslint/plugin-kit': [ '0.3.5' ],
602 silly audit   '@humanfs/core': [ '0.19.1' ],
602 silly audit   '@humanfs/node': [ '0.16.7' ],
602 silly audit   '@humanwhocodes/module-importer': [ '1.0.1' ],
602 silly audit   '@humanwhocodes/retry': [ '0.4.3' ],
602 silly audit   '@img/sharp-darwin-arm64': [ '0.34.3' ],
602 silly audit   '@img/sharp-darwin-x64': [ '0.34.3' ],
602 silly audit   '@img/sharp-libvips-darwin-arm64': [ '1.2.0' ],
602 silly audit   '@img/sharp-libvips-darwin-x64': [ '1.2.0' ],
602 silly audit   '@img/sharp-libvips-linux-arm': [ '1.2.0' ],
602 silly audit   '@img/sharp-libvips-linux-arm64': [ '1.2.0' ],
602 silly audit   '@img/sharp-libvips-linux-ppc64': [ '1.2.0' ],
602 silly audit   '@img/sharp-libvips-linux-s390x': [ '1.2.0' ],
602 silly audit   '@img/sharp-libvips-linux-x64': [ '1.2.0' ],
602 silly audit   '@img/sharp-libvips-linuxmusl-arm64': [ '1.2.0' ],
602 silly audit   '@img/sharp-libvips-linuxmusl-x64': [ '1.2.0' ],
602 silly audit   '@img/sharp-linux-arm': [ '0.34.3' ],
602 silly audit   '@img/sharp-linux-arm64': [ '0.34.3' ],
602 silly audit   '@img/sharp-linux-ppc64': [ '0.34.3' ],
602 silly audit   '@img/sharp-linux-s390x': [ '0.34.3' ],
602 silly audit   '@img/sharp-linux-x64': [ '0.34.3' ],
602 silly audit   '@img/sharp-linuxmusl-arm64': [ '0.34.3' ],
602 silly audit   '@img/sharp-linuxmusl-x64': [ '0.34.3' ],
602 silly audit   '@img/sharp-wasm32': [ '0.34.3' ],
602 silly audit   '@img/sharp-win32-arm64': [ '0.34.3' ],
602 silly audit   '@img/sharp-win32-ia32': [ '0.34.3' ],
602 silly audit   '@img/sharp-win32-x64': [ '0.34.3' ],
602 silly audit   '@isaacs/cliui': [ '8.0.2' ],
602 silly audit   '@jridgewell/gen-mapping': [ '0.3.13' ],
602 silly audit   '@jridgewell/resolve-uri': [ '3.1.2' ],
602 silly audit   '@jridgewell/sourcemap-codec': [ '1.5.5' ],
602 silly audit   '@jridgewell/trace-mapping': [ '0.3.30' ],
602 silly audit   '@napi-rs/wasm-runtime': [ '0.2.12' ],
602 silly audit   '@next/env': [ '15.5.2' ],
602 silly audit   '@next/eslint-plugin-next': [ '15.5.2' ],
602 silly audit   '@next/swc-darwin-arm64': [ '15.5.2' ],
602 silly audit   '@next/swc-darwin-x64': [ '15.5.2' ],
602 silly audit   '@next/swc-linux-arm64-gnu': [ '15.5.2' ],
602 silly audit   '@next/swc-linux-arm64-musl': [ '15.5.2' ],
602 silly audit   '@next/swc-linux-x64-gnu': [ '15.5.2' ],
602 silly audit   '@next/swc-linux-x64-musl': [ '15.5.2' ],
602 silly audit   '@next/swc-win32-arm64-msvc': [ '15.5.2' ],
602 silly audit   '@next/swc-win32-x64-msvc': [ '15.5.2' ],
602 silly audit   '@nodelib/fs.scandir': [ '2.1.5' ],
602 silly audit   '@nodelib/fs.stat': [ '2.0.5' ],
602 silly audit   '@nodelib/fs.walk': [ '1.2.8' ],
602 silly audit   '@nolyfill/is-core-module': [ '1.0.39' ],
602 silly audit   '@pkgjs/parseargs': [ '0.11.0' ],
602 silly audit   '@radix-ui/primitive': [ '1.1.3' ],
602 silly audit   '@radix-ui/react-collection': [ '1.1.7' ],
602 silly audit   '@radix-ui/react-compose-refs': [ '1.1.2' ],
602 silly audit   '@radix-ui/react-context': [ '1.1.2' ],
602 silly audit   '@radix-ui/react-dialog': [ '1.1.15' ],
602 silly audit   '@radix-ui/react-direction': [ '1.1.1' ],
602 silly audit   '@radix-ui/react-dismissable-layer': [ '1.1.11' ],
602 silly audit   '@radix-ui/react-focus-guards': [ '1.1.3' ],
602 silly audit   '@radix-ui/react-focus-scope': [ '1.1.7' ],
602 silly audit   '@radix-ui/react-id': [ '1.1.1' ],
602 silly audit   '@radix-ui/react-navigation-menu': [ '1.2.14' ],
602 silly audit   '@radix-ui/react-portal': [ '1.1.9' ],
602 silly audit   '@radix-ui/react-presence': [ '1.1.5' ],
602 silly audit   '@radix-ui/react-primitive': [ '2.1.3' ],
602 silly audit   '@radix-ui/react-slot': [ '1.2.3' ],
602 silly audit   '@radix-ui/react-use-callback-ref': [ '1.1.1' ],
602 silly audit   '@radix-ui/react-use-controllable-state': [ '1.2.2' ],
602 silly audit   '@radix-ui/react-use-effect-event': [ '0.0.2' ],
602 silly audit   '@radix-ui/react-use-escape-keydown': [ '1.1.1' ],
602 silly audit   '@radix-ui/react-use-layout-effect': [ '1.1.1' ],
602 silly audit   '@radix-ui/react-use-previous': [ '1.1.1' ],
602 silly audit   '@radix-ui/react-visually-hidden': [ '1.2.3' ],
602 silly audit   '@reduxjs/toolkit': [ '2.9.0' ],
602 silly audit   '@rtsao/scc': [ '1.1.0' ],
602 silly audit   '@rushstack/eslint-patch': [ '1.12.0' ],
602 silly audit   '@standard-schema/spec': [ '1.0.0' ],
602 silly audit   '@standard-schema/utils': [ '0.3.0' ],
602 silly audit   '@swc/helpers': [ '0.5.15' ],
602 silly audit   '@tanstack/query-core': [ '5.87.1' ],
602 silly audit   '@tanstack/query-devtools': [ '5.87.3' ],
602 silly audit   '@tanstack/react-query': [ '5.87.1' ],
602 silly audit   '@tanstack/react-query-devtools': [ '5.87.3' ],
602 silly audit   '@tybys/wasm-util': [ '0.10.0' ],
602 silly audit   '@types/d3-array': [ '3.2.1' ],
602 silly audit   '@types/d3-color': [ '3.1.3' ],
602 silly audit   '@types/d3-ease': [ '3.0.2' ],
602 silly audit   '@types/d3-interpolate': [ '3.0.4' ],
602 silly audit   '@types/d3-path': [ '3.1.1' ],
602 silly audit   '@types/d3-scale': [ '4.0.9' ],
602 silly audit   '@types/d3-shape': [ '3.1.7' ],
602 silly audit   '@types/d3-time': [ '3.0.4' ],
602 silly audit   '@types/d3-timer': [ '3.0.2' ],
602 silly audit   '@types/estree': [ '1.0.8' ],
602 silly audit   '@types/json-schema': [ '7.0.15' ],
602 silly audit   '@types/json5': [ '0.0.29' ],
602 silly audit   '@types/node': [ '20.19.13' ],
602 silly audit   '@types/pg': [ '8.15.5' ],
602 silly audit   '@types/react': [ '19.1.12' ],
602 silly audit   '@types/react-dom': [ '19.1.9' ],
602 silly audit   '@types/use-sync-external-store': [ '0.0.6' ],
602 silly audit   '@typescript-eslint/eslint-plugin': [ '8.43.0' ],
602 silly audit   ignore: [ '7.0.5', '5.3.2' ],
602 silly audit   '@typescript-eslint/parser': [ '8.43.0' ],
602 silly audit   '@typescript-eslint/project-service': [ '8.43.0' ],
602 silly audit   '@typescript-eslint/scope-manager': [ '8.43.0' ],
602 silly audit   '@typescript-eslint/tsconfig-utils': [ '8.43.0' ],
602 silly audit   '@typescript-eslint/type-utils': [ '8.43.0' ],
602 silly audit   '@typescript-eslint/types': [ '8.43.0' ],
602 silly audit   '@typescript-eslint/typescript-estree': [ '8.43.0' ],
602 silly audit   'brace-expansion': [ '2.0.2', '1.1.12' ],
602 silly audit   'fast-glob': [ '3.3.3', '3.3.1' ],
602 silly audit   'glob-parent': [ '5.1.2', '6.0.2' ],
602 silly audit   minimatch: [ '9.0.5', '3.1.2' ],
602 silly audit   '@typescript-eslint/utils': [ '8.43.0' ],
602 silly audit   '@typescript-eslint/visitor-keys': [ '8.43.0' ],
602 silly audit   '@unrs/resolver-binding-android-arm-eabi': [ '1.11.1' ],
602 silly audit   '@unrs/resolver-binding-android-arm64': [ '1.11.1' ],
602 silly audit   '@unrs/resolver-binding-darwin-arm64': [ '1.11.1' ],
602 silly audit   '@unrs/resolver-binding-darwin-x64': [ '1.11.1' ],
602 silly audit   '@unrs/resolver-binding-freebsd-x64': [ '1.11.1' ],
602 silly audit   '@unrs/resolver-binding-linux-arm-gnueabihf': [ '1.11.1' ],
602 silly audit   '@unrs/resolver-binding-linux-arm-musleabihf': [ '1.11.1' ],
602 silly audit   '@unrs/resolver-binding-linux-arm64-gnu': [ '1.11.1' ],
602 silly audit   '@unrs/resolver-binding-linux-arm64-musl': [ '1.11.1' ],
602 silly audit   '@unrs/resolver-binding-linux-ppc64-gnu': [ '1.11.1' ],
602 silly audit   '@unrs/resolver-binding-linux-riscv64-gnu': [ '1.11.1' ],
602 silly audit   '@unrs/resolver-binding-linux-riscv64-musl': [ '1.11.1' ],
602 silly audit   '@unrs/resolver-binding-linux-s390x-gnu': [ '1.11.1' ],
602 silly audit   '@unrs/resolver-binding-linux-x64-gnu': [ '1.11.1' ],
602 silly audit   '@unrs/resolver-binding-linux-x64-musl': [ '1.11.1' ],
602 silly audit   '@unrs/resolver-binding-wasm32-wasi': [ '1.11.1' ],
602 silly audit   '@unrs/resolver-binding-win32-arm64-msvc': [ '1.11.1' ],
602 silly audit   '@unrs/resolver-binding-win32-ia32-msvc': [ '1.11.1' ],
602 silly audit   '@unrs/resolver-binding-win32-x64-msvc': [ '1.11.1' ],
602 silly audit   acorn: [ '8.15.0' ],
602 silly audit   'acorn-jsx': [ '5.3.2' ],
602 silly audit   ajv: [ '6.12.6' ],
602 silly audit   'ansi-regex': [ '6.2.2', '5.0.1' ],
602 silly audit   'ansi-styles': [ '4.3.0', '6.2.3' ],
602 silly audit   'any-promise': [ '1.3.0' ],
602 silly audit   anymatch: [ '3.1.3' ],
602 silly audit   arg: [ '5.0.2' ],
602 silly audit   argparse: [ '2.0.1' ],
602 silly audit   'aria-hidden': [ '1.2.6' ],
602 silly audit   'aria-query': [ '5.3.2' ],
602 silly audit   'array-buffer-byte-length': [ '1.0.2' ],
602 silly audit   'array-includes': [ '3.1.9' ],
602 silly audit   'array.prototype.findlast': [ '1.2.5' ],
602 silly audit   'array.prototype.findlastindex': [ '1.2.6' ],
602 silly audit   'array.prototype.flat': [ '1.3.3' ],
602 silly audit   'array.prototype.flatmap': [ '1.3.3' ],
602 silly audit   'array.prototype.tosorted': [ '1.1.4' ],
602 silly audit   'arraybuffer.prototype.slice': [ '1.0.4' ],
602 silly audit   'ast-types-flow': [ '0.0.8' ],
602 silly audit   'async-function': [ '1.0.0' ],
602 silly audit   autoprefixer: [ '10.4.0' ],
602 silly audit   'available-typed-arrays': [ '1.0.7' ],
602 silly audit   'axe-core': [ '4.10.3' ],
602 silly audit   'axobject-query': [ '4.1.0' ],
602 silly audit   'balanced-match': [ '1.0.2' ],
602 silly audit   'binary-extensions': [ '2.3.0' ],
602 silly audit   braces: [ '3.0.3' ],
602 silly audit   browserslist: [ '4.25.4' ],
602 silly audit   'call-bind': [ '1.0.8' ],
602 silly audit   'call-bind-apply-helpers': [ '1.0.2' ],
602 silly audit   'call-bound': [ '1.0.4' ],
602 silly audit   callsites: [ '3.1.0' ],
602 silly audit   'camelcase-css': [ '2.0.1' ],
602 silly audit   'caniuse-lite': [ '1.0.30001741' ],
602 silly audit   chalk: [ '4.1.2' ],
602 silly audit   chokidar: [ '3.6.0' ],
602 silly audit   'class-variance-authority': [ '0.7.1' ],
602 silly audit   claygl: [ '1.3.0' ],
602 silly audit   'client-only': [ '0.0.1' ],
602 silly audit   clsx: [ '2.1.1' ],
602 silly audit   color: [ '4.2.3' ],
602 silly audit   'color-convert': [ '2.0.1' ],
602 silly audit   'color-name': [ '1.1.4' ],
602 silly audit   'color-string': [ '1.9.1' ],
602 silly audit   commander: [ '4.1.1' ],
602 silly audit   'concat-map': [ '0.0.1' ],
602 silly audit   'cross-spawn': [ '7.0.6' ],
602 silly audit   cssesc: [ '3.0.0' ],
602 silly audit   csstype: [ '3.1.3' ],
602 silly audit   'd3-array': [ '3.2.4' ],
602 silly audit   'd3-color': [ '3.1.0' ],
602 silly audit   'd3-ease': [ '3.0.1' ],
602 silly audit   'd3-format': [ '3.1.0' ],
602 silly audit   'd3-interpolate': [ '3.0.1' ],
602 silly audit   'd3-path': [ '3.1.0' ],
602 silly audit   'd3-scale': [ '4.0.2' ],
602 silly audit   'd3-shape': [ '3.2.0' ],
602 silly audit   'd3-time': [ '3.1.0' ],
602 silly audit   'd3-time-format': [ '4.1.0' ],
602 silly audit   'd3-timer': [ '3.0.1' ],
602 silly audit   'damerau-levenshtein': [ '1.0.8' ],
602 silly audit   'data-view-buffer': [ '1.0.2' ],
602 silly audit   'data-view-byte-length': [ '1.0.2' ],
602 silly audit   'data-view-byte-offset': [ '1.0.1' ],
602 silly audit   'date-fns': [ '4.1.0' ],
602 silly audit   debug: [ '4.4.1', '3.2.7' ],
602 silly audit   'decimal.js-light': [ '2.5.1' ],
602 silly audit   'deep-is': [ '0.1.4' ],
602 silly audit   'define-data-property': [ '1.1.4' ],
602 silly audit   'define-properties': [ '1.2.1' ],
602 silly audit   'detect-libc': [ '2.0.4' ],
602 silly audit   'detect-node-es': [ '1.1.0' ],
602 silly audit   didyoumean: [ '1.2.2' ],
602 silly audit   dlv: [ '1.1.3' ],
602 silly audit   doctrine: [ '2.1.0' ],
602 silly audit   'dunder-proto': [ '1.0.1' ],
602 silly audit   eastasianwidth: [ '0.2.0' ],
602 silly audit   echarts: [ '5.4.3' ],
602 silly audit   'echarts-gl': [ '2.0.9' ],
602 silly audit   tslib: [ '2.3.0', '2.8.1' ],
602 silly audit   'electron-to-chromium': [ '1.5.215' ],
602 silly audit   'emoji-regex': [ '9.2.2', '8.0.0' ],
602 silly audit   'es-abstract': [ '1.24.0' ],
602 silly audit   'es-define-property': [ '1.0.1' ],
602 silly audit   'es-errors': [ '1.3.0' ],
602 silly audit   'es-iterator-helpers': [ '1.2.1' ],
602 silly audit   'es-object-atoms': [ '1.1.1' ],
602 silly audit   'es-set-tostringtag': [ '2.1.0' ],
602 silly audit   'es-shim-unscopables': [ '1.1.0' ],
602 silly audit   'es-to-primitive': [ '1.3.0' ],
602 silly audit   'es-toolkit': [ '1.39.10' ],
602 silly audit   escalade: [ '3.2.0' ],
602 silly audit   'escape-string-regexp': [ '4.0.0', '5.0.0' ],
602 silly audit   eslint: [ '9.35.0' ],
602 silly audit   'eslint-config-next': [ '15.5.2' ],
602 silly audit   'eslint-import-resolver-node': [ '0.3.9' ],
602 silly audit   'eslint-import-resolver-typescript': [ '3.10.1' ],
602 silly audit   'eslint-module-utils': [ '2.12.1' ],
602 silly audit   'eslint-plugin-import': [ '2.32.0' ],
602 silly audit   semver: [ '6.3.1', '7.7.2' ],
602 silly audit   'eslint-plugin-jsx-a11y': [ '6.10.2' ],
602 silly audit   'eslint-plugin-react': [ '7.37.5' ],
602 silly audit   'eslint-plugin-react-hooks': [ '5.2.0' ],
602 silly audit   resolve: [ '2.0.0-next.5', '1.22.10' ],
602 silly audit   'eslint-scope': [ '8.4.0' ],
602 silly audit   espree: [ '10.4.0' ],
602 silly audit   esquery: [ '1.6.0' ],
602 silly audit   esrecurse: [ '4.3.0' ],
602 silly audit   estraverse: [ '5.3.0' ],
602 silly audit   esutils: [ '2.0.3' ],
602 silly audit   eventemitter3: [ '5.0.1' ],
602 silly audit   'fast-deep-equal': [ '3.1.3' ],
602 silly audit   'fast-json-stable-stringify': [ '2.1.0' ],
602 silly audit   'fast-levenshtein': [ '2.0.6' ],
602 silly audit   fastq: [ '1.19.1' ],
602 silly audit   'file-entry-cache': [ '8.0.0' ],
602 silly audit   'fill-range': [ '7.1.1' ],
602 silly audit   'find-up': [ '5.0.0' ],
602 silly audit   'flat-cache': [ '4.0.1' ],
602 silly audit   flatted: [ '3.3.3' ],
602 silly audit   'for-each': [ '0.3.5' ],
602 silly audit   'foreground-child': [ '3.3.1' ],
602 silly audit   'fraction.js': [ '4.3.7' ],
602 silly audit   'framer-motion': [ '12.23.15' ],
602 silly audit   fsevents: [ '2.3.3' ],
602 silly audit   'function-bind': [ '1.1.2' ],
602 silly audit   'function.prototype.name': [ '1.1.8' ],
602 silly audit   'functions-have-names': [ '1.2.3' ],
602 silly audit   'get-intrinsic': [ '1.3.0' ],
602 silly audit   'get-nonce': [ '1.0.1' ],
602 silly audit   'get-proto': [ '1.0.1' ],
602 silly audit   'get-symbol-description': [ '1.1.0' ],
602 silly audit   'get-tsconfig': [ '4.10.1' ],
602 silly audit   glob: [ '10.4.5' ],
602 silly audit   globals: [ '14.0.0' ],
602 silly audit   globalthis: [ '1.0.4' ],
602 silly audit   gopd: [ '1.2.0' ],
602 silly audit   graphemer: [ '1.4.0' ],
602 silly audit   'has-bigints': [ '1.1.0' ],
602 silly audit   'has-flag': [ '4.0.0' ],
602 silly audit   'has-property-descriptors': [ '1.0.2' ],
602 silly audit   'has-proto': [ '1.2.0' ],
602 silly audit   'has-symbols': [ '1.1.0' ],
602 silly audit   'has-tostringtag': [ '1.0.2' ],
602 silly audit   hasown: [ '2.0.2' ],
602 silly audit   immer: [ '10.1.3' ],
602 silly audit   'import-fresh': [ '3.3.1' ],
602 silly audit   imurmurhash: [ '0.1.4' ],
602 silly audit   'internal-slot': [ '1.1.0' ],
602 silly audit   internmap: [ '2.0.3' ],
602 silly audit   'is-array-buffer': [ '3.0.5' ],
602 silly audit   'is-arrayish': [ '0.3.2' ],
602 silly audit   'is-async-function': [ '2.1.1' ],
602 silly audit   'is-bigint': [ '1.1.0' ],
602 silly audit   'is-binary-path': [ '2.1.0' ],
602 silly audit   'is-boolean-object': [ '1.2.2' ],
602 silly audit   'is-bun-module': [ '2.0.0' ],
602 silly audit   'is-callable': [ '1.2.7' ],
602 silly audit   'is-core-module': [ '2.16.1' ],
602 silly audit   'is-data-view': [ '1.0.2' ],
602 silly audit   'is-date-object': [ '1.1.0' ],
602 silly audit   'is-extglob': [ '2.1.1' ],
602 silly audit   'is-finalizationregistry': [ '1.1.1' ],
602 silly audit   'is-fullwidth-code-point': [ '3.0.0' ],
602 silly audit   'is-generator-function': [ '1.1.0' ],
602 silly audit   'is-glob': [ '4.0.3' ],
602 silly audit   'is-map': [ '2.0.3' ],
602 silly audit   'is-negative-zero': [ '2.0.3' ],
602 silly audit   'is-number': [ '7.0.0' ],
602 silly audit   'is-number-object': [ '1.1.1' ],
602 silly audit   'is-regex': [ '1.2.1' ],
602 silly audit   'is-set': [ '2.0.3' ],
602 silly audit   'is-shared-array-buffer': [ '1.0.4' ],
602 silly audit   'is-string': [ '1.1.1' ],
602 silly audit   'is-symbol': [ '1.1.1' ],
602 silly audit   'is-typed-array': [ '1.1.15' ],
602 silly audit   'is-weakmap': [ '2.0.2' ],
602 silly audit   'is-weakref': [ '1.1.1' ],
602 silly audit   'is-weakset': [ '2.0.4' ],
602 silly audit   isarray: [ '2.0.5' ],
602 silly audit   isexe: [ '2.0.0' ],
602 silly audit   'iterator.prototype': [ '1.1.5' ],
602 silly audit   jackspeak: [ '3.4.3' ],
602 silly audit   jiti: [ '2.5.1', '1.21.7' ],
602 silly audit   'js-tokens': [ '4.0.0' ],
602 silly audit   'js-yaml': [ '4.1.0' ],
602 silly audit   'json-buffer': [ '3.0.1' ],
602 silly audit   'json-schema-traverse': [ '0.4.1' ],
602 silly audit   'json-stable-stringify-without-jsonify': [ '1.0.1' ],
602 silly audit   json5: [ '1.0.2' ],
602 silly audit   'jsx-ast-utils': [ '3.3.5' ],
602 silly audit   keyv: [ '4.5.4' ],
602 silly audit   'language-subtag-registry': [ '0.3.23' ],
602 silly audit   'language-tags': [ '1.0.9' ],
602 silly audit   levn: [ '0.4.1' ],
602 silly audit   lilconfig: [ '2.1.0', '3.1.3' ],
602 silly audit   'lines-and-columns': [ '1.2.4' ],
602 silly audit   'locate-path': [ '6.0.0' ],
602 silly audit   'lodash.merge': [ '4.6.2' ],
602 silly audit   'loose-envify': [ '1.4.0' ],
602 silly audit   'lru-cache': [ '10.4.3' ],
602 silly audit   'lucide-react': [ '0.542.0' ],
602 silly audit   'math-intrinsics': [ '1.1.0' ],
602 silly audit   merge2: [ '1.4.1' ],
602 silly audit   micromatch: [ '4.0.8' ],
602 silly audit   minimist: [ '1.2.8' ],
602 silly audit   minipass: [ '7.1.2' ],
602 silly audit   'motion-dom': [ '12.23.12' ],
602 silly audit   'motion-utils': [ '12.23.6' ],
602 silly audit   ms: [ '2.1.3' ],
602 silly audit   mz: [ '2.7.0' ],
602 silly audit   nanoid: [ '3.3.11' ],
602 silly audit   'napi-postinstall': [ '0.3.3' ],
602 silly audit   'natural-compare': [ '1.4.0' ],
602 silly audit   next: [ '15.5.2' ],
602 silly audit   'next-themes': [ '0.4.6' ],
602 silly audit   postcss: [ '8.4.31', '8.4.0', '8.5.6' ],
602 silly audit   'node-releases': [ '2.0.20' ],
602 silly audit   'normalize-path': [ '3.0.0' ],
602 silly audit   'normalize-range': [ '0.1.2' ],
602 silly audit   'object-assign': [ '4.1.1' ],
602 silly audit   'object-hash': [ '3.0.0' ],
602 silly audit   'object-inspect': [ '1.13.4' ],
602 silly audit   'object-keys': [ '1.1.1' ],
602 silly audit   'object.assign': [ '4.1.7' ],
602 silly audit   'object.entries': [ '1.1.9' ],
602 silly audit   'object.fromentries': [ '2.0.8' ],
602 silly audit   'object.groupby': [ '1.0.3' ],
602 silly audit   'object.values': [ '1.2.1' ],
602 silly audit   optionator: [ '0.9.4' ],
602 silly audit   'own-keys': [ '1.0.1' ],
602 silly audit   'p-limit': [ '3.1.0' ],
602 silly audit   'p-locate': [ '5.0.0' ],
602 silly audit   'package-json-from-dist': [ '1.0.1' ],
602 silly audit   'parent-module': [ '1.0.1' ],
602 silly audit   'path-exists': [ '4.0.0' ],
602 silly audit   'path-key': [ '3.1.1' ],
602 silly audit   'path-parse': [ '1.0.7' ],
602 silly audit   'path-scurry': [ '1.11.1' ],
602 silly audit   pg: [ '8.16.3' ],
602 silly audit   'pg-cloudflare': [ '1.2.7' ],
602 silly audit   'pg-connection-string': [ '2.9.1' ],
602 silly audit   'pg-int8': [ '1.0.1' ],
602 silly audit   'pg-pool': [ '3.10.1' ],
602 silly audit   'pg-protocol': [ '1.10.3' ],
602 silly audit   'pg-types': [ '2.2.0' ],
602 silly audit   pgpass: [ '1.0.5' ],
602 silly audit   picocolors: [ '1.1.1' ],
602 silly audit   picomatch: [ '2.3.1', '4.0.3' ],
602 silly audit   pify: [ '2.3.0' ],
602 silly audit   pirates: [ '4.0.7' ],
602 silly audit   'possible-typed-array-names': [ '1.1.0' ],
602 silly audit   'postcss-import': [ '15.1.0' ],
602 silly audit   'postcss-nested': [ '6.2.0' ],
602 silly audit   'postcss-selector-parser': [ '6.1.2' ],
602 silly audit   'postcss-value-parser': [ '4.2.0' ],
602 silly audit   'postgres-array': [ '2.0.0' ],
602 silly audit   'postgres-bytea': [ '1.0.0' ],
602 silly audit   'postgres-date': [ '1.0.7' ],
602 silly audit   'postgres-interval': [ '1.2.0' ],
602 silly audit   'prelude-ls': [ '1.2.1' ],
602 silly audit   prettier: [ '3.6.2' ],
602 silly audit   'prop-types': [ '15.8.1' ],
602 silly audit   punycode: [ '2.3.1' ],
602 silly audit   'queue-microtask': [ '1.2.3' ],
602 silly audit   react: [ '19.1.0' ],
602 silly audit   'react-activity-calendar': [ '2.7.14' ],
602 silly audit   'react-dom': [ '19.1.0' ],
602 silly audit   'react-is': [ '16.13.1' ],
602 silly audit   'react-redux': [ '9.2.0' ],
602 silly audit   'react-remove-scroll': [ '2.7.1' ],
602 silly audit   'react-remove-scroll-bar': [ '2.3.8' ],
602 silly audit   'react-style-singleton': [ '2.2.3' ],
602 silly audit   'read-cache': [ '1.0.0' ],
602 silly audit   readdirp: [ '3.6.0' ],
602 silly audit   recharts: [ '3.2.0' ],
602 silly audit   redux: [ '5.0.1' ],
602 silly audit   'redux-thunk': [ '3.1.0' ],
602 silly audit   'reflect.getprototypeof': [ '1.0.10' ],
602 silly audit   'regexp.prototype.flags': [ '1.5.4' ],
602 silly audit   reselect: [ '5.1.1' ],
602 silly audit   'resolve-from': [ '4.0.0' ],
602 silly audit   'resolve-pkg-maps': [ '1.0.0' ],
602 silly audit   reusify: [ '1.1.0' ],
602 silly audit   'run-parallel': [ '1.2.0' ],
602 silly audit   'safe-array-concat': [ '1.1.3' ],
602 silly audit   'safe-push-apply': [ '1.0.0' ],
602 silly audit   'safe-regex-test': [ '1.1.0' ],
602 silly audit   scheduler: [ '0.26.0' ],
602 silly audit   'set-function-length': [ '1.2.2' ],
602 silly audit   'set-function-name': [ '2.0.2' ],
602 silly audit   'set-proto': [ '1.0.0' ],
602 silly audit   sharp: [ '0.34.3' ],
602 silly audit   'shebang-command': [ '2.0.0' ],
602 silly audit   'shebang-regex': [ '3.0.0' ],
602 silly audit   'side-channel': [ '1.1.0' ],
602 silly audit   'side-channel-list': [ '1.0.0' ],
602 silly audit   'side-channel-map': [ '1.0.1' ],
602 silly audit   'side-channel-weakmap': [ '1.0.2' ],
602 silly audit   'signal-exit': [ '4.1.0' ],
602 silly audit   'simple-swizzle': [ '0.2.2' ],
602 silly audit   'source-map-js': [ '1.2.1' ],
602 silly audit   split2: [ '4.2.0' ],
602 silly audit   'stable-hash': [ '0.0.5' ],
602 silly audit   'stop-iteration-iterator': [ '1.1.0' ],
602 silly audit   'string-width': [ '5.1.2', '4.2.3' ],
602 silly audit   'strip-ansi': [ '6.0.1', '7.1.2' ],
602 silly audit   'string.prototype.includes': [ '2.0.1' ],
602 silly audit   'string.prototype.matchall': [ '4.0.12' ],
602 silly audit   'string.prototype.repeat': [ '1.0.0' ],
602 silly audit   'string.prototype.trim': [ '1.2.10' ],
602 silly audit   'string.prototype.trimend': [ '1.0.9' ],
602 silly audit   'string.prototype.trimstart': [ '1.0.8' ],
602 silly audit   'strip-bom': [ '3.0.0' ],
602 silly audit   'strip-json-comments': [ '3.1.1' ],
602 silly audit   'styled-jsx': [ '5.1.6' ],
602 silly audit   sucrase: [ '3.35.0' ],
602 silly audit   'supports-color': [ '7.2.0' ],
602 silly audit   'supports-preserve-symlinks-flag': [ '1.0.0' ],
602 silly audit   'tailwind-merge': [ '3.3.1' ],
602 silly audit   tailwindcss: [ '3.4.0' ],
602 silly audit   'postcss-js': [ '4.0.1' ],
602 silly audit   'postcss-load-config': [ '4.0.2' ],
602 silly audit   thenify: [ '3.3.1' ],
602 silly audit   'thenify-all': [ '1.6.0' ],
602 silly audit   'tiny-invariant': [ '1.3.3' ],
602 silly audit   tinyglobby: [ '0.2.15' ],
602 silly audit   fdir: [ '6.5.0' ],
602 silly audit   'to-regex-range': [ '5.0.1' ],
602 silly audit   'ts-api-utils': [ '2.1.0' ],
602 silly audit   'ts-interface-checker': [ '0.1.13' ],
602 silly audit   'tsconfig-paths': [ '3.15.0' ],
602 silly audit   'type-check': [ '0.4.0' ],
602 silly audit   'typed-array-buffer': [ '1.0.3' ],
602 silly audit   'typed-array-byte-length': [ '1.0.3' ],
602 silly audit   'typed-array-byte-offset': [ '1.0.4' ],
602 silly audit   'typed-array-length': [ '1.0.7' ],
602 silly audit   typescript: [ '5.9.2' ],
602 silly audit   'unbox-primitive': [ '1.1.0' ],
602 silly audit   'undici-types': [ '6.21.0' ],
602 silly audit   'unrs-resolver': [ '1.11.1' ],
602 silly audit   'update-browserslist-db': [ '1.1.3' ],
602 silly audit   'uri-js': [ '4.4.1' ],
602 silly audit   'use-callback-ref': [ '1.3.3' ],
602 silly audit   'use-sidecar': [ '1.1.3' ],
602 silly audit   'use-sync-external-store': [ '1.5.0' ],
602 silly audit   'util-deprecate': [ '1.0.2' ],
602 silly audit   'victory-vendor': [ '37.3.6' ],
602 silly audit   which: [ '2.0.2' ],
602 silly audit   'which-boxed-primitive': [ '1.1.1' ],
602 silly audit   'which-builtin-type': [ '1.2.1' ],
602 silly audit   'which-collection': [ '1.0.2' ],
602 silly audit   'which-typed-array': [ '1.1.19' ],
602 silly audit   'word-wrap': [ '1.2.5' ],
602 silly audit   'wrap-ansi': [ '8.1.0', '7.0.0' ],
602 silly audit   xtend: [ '4.0.2' ],
602 silly audit   yaml: [ '2.8.1' ],
602 silly audit   'yocto-queue': [ '0.1.0' ],
602 silly audit   zrender: [ '5.4.4' ],
602 silly audit   zustand: [ '5.0.8' ],
602 silly audit   'react-markdown': [ '10.1.0' ],
602 silly audit   'remark-gfm': [ '4.0.1' ],
602 silly audit   '@types/hast': [ '3.0.4' ],
602 silly audit   '@types/mdast': [ '4.0.4' ],
602 silly audit   devlop: [ '1.1.0' ],
602 silly audit   'hast-util-to-jsx-runtime': [ '2.3.6' ],
602 silly audit   'html-url-attributes': [ '3.0.1' ],
602 silly audit   'mdast-util-to-hast': [ '13.2.0' ],
602 silly audit   'remark-parse': [ '11.0.0' ],
602 silly audit   'remark-rehype': [ '11.1.2' ],
602 silly audit   unified: [ '11.0.5' ],
602 silly audit   'unist-util-visit': [ '5.0.0' ],
602 silly audit   vfile: [ '6.0.3' ],
602 silly audit   '@types/unist': [ '3.0.3', '2.0.11' ],
602 silly audit   dequal: [ '2.0.3' ],
602 silly audit   'comma-separated-tokens': [ '2.0.3' ],
602 silly audit   'estree-util-is-identifier-name': [ '3.0.0' ],
602 silly audit   'hast-util-whitespace': [ '3.0.0' ],
602 silly audit   'mdast-util-mdx-expression': [ '2.0.1' ],
602 silly audit   'mdast-util-mdx-jsx': [ '3.2.0' ],
602 silly audit   'mdast-util-mdxjs-esm': [ '2.0.1' ],
602 silly audit   'property-information': [ '7.1.0' ],
602 silly audit   'space-separated-tokens': [ '2.0.2' ],
602 silly audit   'style-to-js': [ '1.1.18' ],
602 silly audit   'unist-util-position': [ '5.0.0' ],
602 silly audit   'vfile-message': [ '4.0.3' ],
602 silly audit   '@types/estree-jsx': [ '1.0.5' ],
602 silly audit   'mdast-util-from-markdown': [ '2.0.2' ],
602 silly audit   'mdast-util-to-markdown': [ '2.1.2' ],
602 silly audit   'decode-named-character-reference': [ '1.2.0' ],
602 silly audit   'mdast-util-to-string': [ '4.0.0' ],
602 silly audit   micromark: [ '4.0.2' ],
602 silly audit   'micromark-util-decode-numeric-character-reference': [ '2.0.2' ],
602 silly audit   'micromark-util-decode-string': [ '2.0.1' ],
602 silly audit   'micromark-util-normalize-identifier': [ '2.0.1' ],
602 silly audit   'micromark-util-symbol': [ '2.0.1' ],
602 silly audit   'micromark-util-types': [ '2.0.2' ],
602 silly audit   'unist-util-stringify-position': [ '4.0.0' ],
602 silly audit   'character-entities': [ '2.0.2' ],
602 silly audit   ccount: [ '2.0.1' ],
602 silly audit   'parse-entities': [ '4.0.2' ],
602 silly audit   'stringify-entities': [ '4.0.4' ],
602 silly audit   '@ungap/structured-clone': [ '1.3.0' ],
602 silly audit   'micromark-util-sanitize-uri': [ '2.0.1' ],
602 silly audit   'trim-lines': [ '3.0.1' ],
602 silly audit   'longest-streak': [ '3.1.0' ],
602 silly audit   'mdast-util-phrasing': [ '4.1.0' ],
602 silly audit   'micromark-util-classify-character': [ '2.0.1' ],
602 silly audit   zwitch: [ '2.0.4' ],
602 silly audit   'unist-util-is': [ '6.0.1' ],
602 silly audit   '@types/debug': [ '4.1.12' ],
602 silly audit   'micromark-core-commonmark': [ '2.0.3' ],
602 silly audit   'micromark-factory-space': [ '2.0.1' ],
602 silly audit   'micromark-util-character': [ '2.1.1' ],
602 silly audit   'micromark-util-chunked': [ '2.0.1' ],
602 silly audit   'micromark-util-combine-extensions': [ '2.0.1' ],
602 silly audit   'micromark-util-encode': [ '2.0.1' ],
602 silly audit   'micromark-util-resolve-all': [ '2.0.1' ],
602 silly audit   'micromark-util-subtokenize': [ '2.1.0' ],
602 silly audit   '@types/ms': [ '2.1.0' ],
602 silly audit   'micromark-factory-destination': [ '2.0.1' ],
602 silly audit   'micromark-factory-label': [ '2.0.1' ],
602 silly audit   'micromark-factory-title': [ '2.0.1' ],
602 silly audit   'micromark-factory-whitespace': [ '2.0.1' ],
602 silly audit   'micromark-util-html-tag-name': [ '2.0.1' ],
602 silly audit   'character-entities-legacy': [ '3.0.0' ],
602 silly audit   'character-reference-invalid': [ '2.0.1' ],
602 silly audit   'is-alphanumerical': [ '2.0.1' ],
602 silly audit   'is-decimal': [ '2.0.1' ],
602 silly audit   'is-hexadecimal': [ '2.0.1' ],
602 silly audit   'is-alphabetical': [ '2.0.1' ],
602 silly audit   'mdast-util-gfm': [ '3.1.0' ],
602 silly audit   'micromark-extension-gfm': [ '3.0.0' ],
602 silly audit   'remark-stringify': [ '11.0.0' ],
602 silly audit   'mdast-util-gfm-autolink-literal': [ '2.0.1' ],
602 silly audit   'mdast-util-gfm-footnote': [ '2.1.0' ],
602 silly audit   'mdast-util-gfm-strikethrough': [ '2.0.0' ],
602 silly audit   'mdast-util-gfm-table': [ '2.0.0' ],
602 silly audit   'mdast-util-gfm-task-list-item': [ '2.0.0' ],
602 silly audit   'mdast-util-find-and-replace': [ '3.0.2' ],
602 silly audit   'unist-util-visit-parents': [ '6.0.2' ],
602 silly audit   'markdown-table': [ '3.0.4' ],
602 silly audit   'micromark-extension-gfm-autolink-literal': [ '2.1.0' ],
602 silly audit   'micromark-extension-gfm-footnote': [ '2.1.0' ],
602 silly audit   'micromark-extension-gfm-strikethrough': [ '2.1.0' ],
602 silly audit   'micromark-extension-gfm-table': [ '2.1.1' ],
602 silly audit   'micromark-extension-gfm-tagfilter': [ '2.0.0' ],
602 silly audit   'micromark-extension-gfm-task-list-item': [ '2.1.0' ],
602 silly audit   'character-entities-html4': [ '2.1.0' ],
602 silly audit   'style-to-object': [ '1.0.11' ],
602 silly audit   'inline-style-parser': [ '0.2.4' ],
602 silly audit   bail: [ '2.0.2' ],
602 silly audit   extend: [ '3.0.2' ],
602 silly audit   'is-plain-obj': [ '4.1.0' ],
602 silly audit   trough: [ '2.2.0' ]
602 silly audit }
603 http cache is-plain-obj@https://registry.npmmirror.com/is-plain-obj/-/is-plain-obj-4.1.0.tgz 1ms (cache hit)
604 http cache trough@https://registry.npmmirror.com/trough/-/trough-2.2.0.tgz 0ms (cache hit)
605 http cache bail@https://registry.npmmirror.com/bail/-/bail-2.0.2.tgz 0ms (cache hit)
606 http cache inline-style-parser@https://registry.npmmirror.com/inline-style-parser/-/inline-style-parser-0.2.4.tgz 0ms (cache hit)
607 http cache character-entities-html4@https://registry.npmmirror.com/character-entities-html4/-/character-entities-html4-2.1.0.tgz 0ms (cache hit)
608 http cache micromark-extension-gfm-task-list-item@https://registry.npmmirror.com/micromark-extension-gfm-task-list-item/-/micromark-extension-gfm-task-list-item-2.1.0.tgz 0ms (cache hit)
609 http cache micromark-extension-gfm-tagfilter@https://registry.npmmirror.com/micromark-extension-gfm-tagfilter/-/micromark-extension-gfm-tagfilter-2.0.0.tgz 0ms (cache hit)
610 http cache micromark-extension-gfm-table@https://registry.npmmirror.com/micromark-extension-gfm-table/-/micromark-extension-gfm-table-2.1.1.tgz 0ms (cache hit)
611 http cache micromark-extension-gfm-strikethrough@https://registry.npmmirror.com/micromark-extension-gfm-strikethrough/-/micromark-extension-gfm-strikethrough-2.1.0.tgz 0ms (cache hit)
612 http cache micromark-extension-gfm-footnote@https://registry.npmmirror.com/micromark-extension-gfm-footnote/-/micromark-extension-gfm-footnote-2.1.0.tgz 0ms (cache hit)
613 http cache micromark-extension-gfm-autolink-literal@https://registry.npmmirror.com/micromark-extension-gfm-autolink-literal/-/micromark-extension-gfm-autolink-literal-2.1.0.tgz 0ms (cache hit)
614 http cache markdown-table@https://registry.npmmirror.com/markdown-table/-/markdown-table-3.0.4.tgz 0ms (cache hit)
615 http cache unist-util-visit-parents@https://registry.npmmirror.com/unist-util-visit-parents/-/unist-util-visit-parents-6.0.2.tgz 0ms (cache hit)
616 http cache mdast-util-gfm-task-list-item@https://registry.npmmirror.com/mdast-util-gfm-task-list-item/-/mdast-util-gfm-task-list-item-2.0.0.tgz 0ms (cache hit)
617 http cache mdast-util-find-and-replace@https://registry.npmmirror.com/mdast-util-find-and-replace/-/mdast-util-find-and-replace-3.0.2.tgz 0ms (cache hit)
618 http cache mdast-util-gfm-table@https://registry.npmmirror.com/mdast-util-gfm-table/-/mdast-util-gfm-table-2.0.0.tgz 0ms (cache hit)
619 http cache mdast-util-gfm-strikethrough@https://registry.npmmirror.com/mdast-util-gfm-strikethrough/-/mdast-util-gfm-strikethrough-2.0.0.tgz 0ms (cache hit)
620 http cache mdast-util-gfm-footnote@https://registry.npmmirror.com/mdast-util-gfm-footnote/-/mdast-util-gfm-footnote-2.1.0.tgz 0ms (cache hit)
621 http cache style-to-object@https://registry.npmmirror.com/style-to-object/-/style-to-object-1.0.11.tgz 0ms (cache hit)
622 http cache mdast-util-gfm-autolink-literal@https://registry.npmmirror.com/mdast-util-gfm-autolink-literal/-/mdast-util-gfm-autolink-literal-2.0.1.tgz 0ms (cache hit)
623 http cache remark-stringify@https://registry.npmmirror.com/remark-stringify/-/remark-stringify-11.0.0.tgz 0ms (cache hit)
624 http cache is-alphabetical@https://registry.npmmirror.com/is-alphabetical/-/is-alphabetical-2.0.1.tgz 0ms (cache hit)
625 http cache extend@https://registry.npmmirror.com/extend/-/extend-3.0.2.tgz 0ms (cache hit)
626 http cache mdast-util-gfm@https://registry.npmmirror.com/mdast-util-gfm/-/mdast-util-gfm-3.1.0.tgz 0ms (cache hit)
627 http cache is-hexadecimal@https://registry.npmmirror.com/is-hexadecimal/-/is-hexadecimal-2.0.1.tgz 0ms (cache hit)
628 http cache micromark-extension-gfm@https://registry.npmmirror.com/micromark-extension-gfm/-/micromark-extension-gfm-3.0.0.tgz 0ms (cache hit)
629 http cache character-reference-invalid@https://registry.npmmirror.com/character-reference-invalid/-/character-reference-invalid-2.0.1.tgz 0ms (cache hit)
630 http cache is-alphanumerical@https://registry.npmmirror.com/is-alphanumerical/-/is-alphanumerical-2.0.1.tgz 0ms (cache hit)
631 http cache character-entities-legacy@https://registry.npmmirror.com/character-entities-legacy/-/character-entities-legacy-3.0.0.tgz 0ms (cache hit)
632 http cache micromark-factory-whitespace@https://registry.npmmirror.com/micromark-factory-whitespace/-/micromark-factory-whitespace-2.0.1.tgz 0ms (cache hit)
633 http cache is-decimal@https://registry.npmmirror.com/is-decimal/-/is-decimal-2.0.1.tgz 0ms (cache hit)
634 http cache @types/ms@https://registry.npmmirror.com/@types/ms/-/ms-2.1.0.tgz 0ms (cache hit)
635 http cache micromark-factory-title@https://registry.npmmirror.com/micromark-factory-title/-/micromark-factory-title-2.0.1.tgz 0ms (cache hit)
636 http cache micromark-factory-destination@https://registry.npmmirror.com/micromark-factory-destination/-/micromark-factory-destination-2.0.1.tgz 0ms (cache hit)
637 http cache micromark-util-subtokenize@https://registry.npmmirror.com/micromark-util-subtokenize/-/micromark-util-subtokenize-2.1.0.tgz 0ms (cache hit)
638 http cache micromark-util-html-tag-name@https://registry.npmmirror.com/micromark-util-html-tag-name/-/micromark-util-html-tag-name-2.0.1.tgz 0ms (cache hit)
639 http cache micromark-util-resolve-all@https://registry.npmmirror.com/micromark-util-resolve-all/-/micromark-util-resolve-all-2.0.1.tgz 0ms (cache hit)
640 http cache micromark-util-encode@https://registry.npmmirror.com/micromark-util-encode/-/micromark-util-encode-2.0.1.tgz 0ms (cache hit)
641 http cache micromark-util-chunked@https://registry.npmmirror.com/micromark-util-chunked/-/micromark-util-chunked-2.0.1.tgz 0ms (cache hit)
642 http cache micromark-util-character@https://registry.npmmirror.com/micromark-util-character/-/micromark-util-character-2.1.1.tgz 0ms (cache hit)
643 http cache @types/debug@https://registry.npmmirror.com/@types/debug/-/debug-4.1.12.tgz 0ms (cache hit)
644 http cache micromark-factory-space@https://registry.npmmirror.com/micromark-factory-space/-/micromark-factory-space-2.0.1.tgz 0ms (cache hit)
645 http cache micromark-util-combine-extensions@https://registry.npmmirror.com/micromark-util-combine-extensions/-/micromark-util-combine-extensions-2.0.1.tgz 0ms (cache hit)
646 http cache micromark-core-commonmark@https://registry.npmmirror.com/micromark-core-commonmark/-/micromark-core-commonmark-2.0.3.tgz 0ms (cache hit)
647 http cache unist-util-is@https://registry.npmmirror.com/unist-util-is/-/unist-util-is-6.0.1.tgz 0ms (cache hit)
648 http cache micromark-util-classify-character@https://registry.npmmirror.com/micromark-util-classify-character/-/micromark-util-classify-character-2.0.1.tgz 0ms (cache hit)
649 http cache mdast-util-phrasing@https://registry.npmmirror.com/mdast-util-phrasing/-/mdast-util-phrasing-4.1.0.tgz 0ms (cache hit)
650 http cache zwitch@https://registry.npmmirror.com/zwitch/-/zwitch-2.0.4.tgz 0ms (cache hit)
651 http cache micromark-factory-label@https://registry.npmmirror.com/micromark-factory-label/-/micromark-factory-label-2.0.1.tgz 0ms (cache hit)
652 http cache @ungap/structured-clone@https://registry.npmmirror.com/@ungap/structured-clone/-/structured-clone-1.3.0.tgz 0ms (cache hit)
653 http cache longest-streak@https://registry.npmmirror.com/longest-streak/-/longest-streak-3.1.0.tgz 0ms (cache hit)
654 http cache stringify-entities@https://registry.npmmirror.com/stringify-entities/-/stringify-entities-4.0.4.tgz 0ms (cache hit)
655 http cache parse-entities@https://registry.npmmirror.com/parse-entities/-/parse-entities-4.0.2.tgz 0ms (cache hit)
656 http cache trim-lines@https://registry.npmmirror.com/trim-lines/-/trim-lines-3.0.1.tgz 0ms (cache hit)
657 http cache ccount@https://registry.npmmirror.com/ccount/-/ccount-2.0.1.tgz 0ms (cache hit)
658 http cache unist-util-stringify-position@https://registry.npmmirror.com/unist-util-stringify-position/-/unist-util-stringify-position-4.0.0.tgz 0ms (cache hit)
659 http cache character-entities@https://registry.npmmirror.com/character-entities/-/character-entities-2.0.2.tgz 0ms (cache hit)
660 http cache micromark-util-symbol@https://registry.npmmirror.com/micromark-util-symbol/-/micromark-util-symbol-2.0.1.tgz 0ms (cache hit)
661 http cache micromark-util-types@https://registry.npmmirror.com/micromark-util-types/-/micromark-util-types-2.0.2.tgz 0ms (cache hit)
662 http cache micromark-util-normalize-identifier@https://registry.npmmirror.com/micromark-util-normalize-identifier/-/micromark-util-normalize-identifier-2.0.1.tgz 0ms (cache hit)
663 http cache micromark-util-decode-string@https://registry.npmmirror.com/micromark-util-decode-string/-/micromark-util-decode-string-2.0.1.tgz 0ms (cache hit)
664 http cache micromark-util-decode-numeric-character-reference@https://registry.npmmirror.com/micromark-util-decode-numeric-character-reference/-/micromark-util-decode-numeric-character-reference-2.0.2.tgz 0ms (cache hit)
665 http cache micromark@https://registry.npmmirror.com/micromark/-/micromark-4.0.2.tgz 0ms (cache hit)
666 http cache @types/estree-jsx@https://registry.npmmirror.com/@types/estree-jsx/-/estree-jsx-1.0.5.tgz 0ms (cache hit)
667 http cache mdast-util-to-string@https://registry.npmmirror.com/mdast-util-to-string/-/mdast-util-to-string-4.0.0.tgz 0ms (cache hit)
668 http cache decode-named-character-reference@https://registry.npmmirror.com/decode-named-character-reference/-/decode-named-character-reference-1.2.0.tgz 0ms (cache hit)
669 http cache mdast-util-to-markdown@https://registry.npmmirror.com/mdast-util-to-markdown/-/mdast-util-to-markdown-2.1.2.tgz 0ms (cache hit)
670 http cache mdast-util-from-markdown@https://registry.npmmirror.com/mdast-util-from-markdown/-/mdast-util-from-markdown-2.0.2.tgz 0ms (cache hit)
671 http cache vfile-message@https://registry.npmmirror.com/vfile-message/-/vfile-message-4.0.3.tgz 0ms (cache hit)
672 http cache style-to-js@https://registry.npmmirror.com/style-to-js/-/style-to-js-1.1.18.tgz 0ms (cache hit)
673 http cache unist-util-position@https://registry.npmmirror.com/unist-util-position/-/unist-util-position-5.0.0.tgz 0ms (cache hit)
674 http cache micromark-util-sanitize-uri@https://registry.npmmirror.com/micromark-util-sanitize-uri/-/micromark-util-sanitize-uri-2.0.1.tgz 0ms (cache hit)
675 http cache space-separated-tokens@https://registry.npmmirror.com/space-separated-tokens/-/space-separated-tokens-2.0.2.tgz 0ms (cache hit)
676 http cache property-information@https://registry.npmmirror.com/property-information/-/property-information-7.1.0.tgz 0ms (cache hit)
677 http cache mdast-util-mdxjs-esm@https://registry.npmmirror.com/mdast-util-mdxjs-esm/-/mdast-util-mdxjs-esm-2.0.1.tgz 0ms (cache hit)
678 http cache hast-util-whitespace@https://registry.npmmirror.com/hast-util-whitespace/-/hast-util-whitespace-3.0.0.tgz 0ms (cache hit)
679 http cache mdast-util-mdx-jsx@https://registry.npmmirror.com/mdast-util-mdx-jsx/-/mdast-util-mdx-jsx-3.2.0.tgz 0ms (cache hit)
680 http cache estree-util-is-identifier-name@https://registry.npmmirror.com/estree-util-is-identifier-name/-/estree-util-is-identifier-name-3.0.0.tgz 0ms (cache hit)
681 http cache mdast-util-mdx-expression@https://registry.npmmirror.com/mdast-util-mdx-expression/-/mdast-util-mdx-expression-2.0.1.tgz 0ms (cache hit)
682 http cache comma-separated-tokens@https://registry.npmmirror.com/comma-separated-tokens/-/comma-separated-tokens-2.0.3.tgz 0ms (cache hit)
683 http cache dequal@https://registry.npmmirror.com/dequal/-/dequal-2.0.3.tgz 0ms (cache hit)
684 http cache vfile@https://registry.npmmirror.com/vfile/-/vfile-6.0.3.tgz 0ms (cache hit)
685 http cache unist-util-visit@https://registry.npmmirror.com/unist-util-visit/-/unist-util-visit-5.0.0.tgz 0ms (cache hit)
686 http cache unified@https://registry.npmmirror.com/unified/-/unified-11.0.5.tgz 0ms (cache hit)
687 http cache remark-rehype@https://registry.npmmirror.com/remark-rehype/-/remark-rehype-11.1.2.tgz 0ms (cache hit)
688 http cache mdast-util-to-hast@https://registry.npmmirror.com/mdast-util-to-hast/-/mdast-util-to-hast-13.2.0.tgz 0ms (cache hit)
689 http cache html-url-attributes@https://registry.npmmirror.com/html-url-attributes/-/html-url-attributes-3.0.1.tgz 0ms (cache hit)
690 http cache remark-parse@https://registry.npmmirror.com/remark-parse/-/remark-parse-11.0.0.tgz 0ms (cache hit)
691 http cache hast-util-to-jsx-runtime@https://registry.npmmirror.com/hast-util-to-jsx-runtime/-/hast-util-to-jsx-runtime-2.3.6.tgz 0ms (cache hit)
692 http cache devlop@https://registry.npmmirror.com/devlop/-/devlop-1.1.0.tgz 0ms (cache hit)
693 http cache @types/hast@https://registry.npmmirror.com/@types/hast/-/hast-3.0.4.tgz 0ms (cache hit)
694 http cache @types/unist@https://registry.npmmirror.com/@types/unist/-/unist-2.0.11.tgz 0ms (cache hit)
695 http cache @types/mdast@https://registry.npmmirror.com/@types/mdast/-/mdast-4.0.4.tgz 0ms (cache hit)
696 http cache escape-string-regexp@https://registry.npmmirror.com/escape-string-regexp/-/escape-string-regexp-5.0.0.tgz 0ms (cache hit)
697 http cache remark-gfm@https://registry.npmmirror.com/remark-gfm/-/remark-gfm-4.0.1.tgz 0ms (cache hit)
698 http cache react-markdown@https://registry.npmmirror.com/react-markdown/-/react-markdown-10.1.0.tgz 0ms (cache hit)
699 http cache @types/unist@https://registry.npmmirror.com/@types/unist/-/unist-3.0.3.tgz 0ms (cache hit)
700 silly tarball no local data for is-plain-obj@https://registry.npmmirror.com/is-plain-obj/-/is-plain-obj-4.1.0.tgz. Extracting by manifest.
701 silly tarball no local data for trough@https://registry.npmmirror.com/trough/-/trough-2.2.0.tgz. Extracting by manifest.
702 silly tarball no local data for bail@https://registry.npmmirror.com/bail/-/bail-2.0.2.tgz. Extracting by manifest.
703 silly tarball no local data for inline-style-parser@https://registry.npmmirror.com/inline-style-parser/-/inline-style-parser-0.2.4.tgz. Extracting by manifest.
704 silly tarball no local data for character-entities-html4@https://registry.npmmirror.com/character-entities-html4/-/character-entities-html4-2.1.0.tgz. Extracting by manifest.
705 silly tarball no local data for micromark-extension-gfm-task-list-item@https://registry.npmmirror.com/micromark-extension-gfm-task-list-item/-/micromark-extension-gfm-task-list-item-2.1.0.tgz. Extracting by manifest.
706 silly tarball no local data for micromark-extension-gfm-tagfilter@https://registry.npmmirror.com/micromark-extension-gfm-tagfilter/-/micromark-extension-gfm-tagfilter-2.0.0.tgz. Extracting by manifest.
707 silly tarball no local data for micromark-extension-gfm-table@https://registry.npmmirror.com/micromark-extension-gfm-table/-/micromark-extension-gfm-table-2.1.1.tgz. Extracting by manifest.
708 silly tarball no local data for micromark-extension-gfm-strikethrough@https://registry.npmmirror.com/micromark-extension-gfm-strikethrough/-/micromark-extension-gfm-strikethrough-2.1.0.tgz. Extracting by manifest.
709 silly tarball no local data for micromark-extension-gfm-footnote@https://registry.npmmirror.com/micromark-extension-gfm-footnote/-/micromark-extension-gfm-footnote-2.1.0.tgz. Extracting by manifest.
710 silly tarball no local data for micromark-extension-gfm-autolink-literal@https://registry.npmmirror.com/micromark-extension-gfm-autolink-literal/-/micromark-extension-gfm-autolink-literal-2.1.0.tgz. Extracting by manifest.
711 silly tarball no local data for markdown-table@https://registry.npmmirror.com/markdown-table/-/markdown-table-3.0.4.tgz. Extracting by manifest.
712 silly tarball no local data for unist-util-visit-parents@https://registry.npmmirror.com/unist-util-visit-parents/-/unist-util-visit-parents-6.0.2.tgz. Extracting by manifest.
713 silly tarball no local data for mdast-util-gfm-task-list-item@https://registry.npmmirror.com/mdast-util-gfm-task-list-item/-/mdast-util-gfm-task-list-item-2.0.0.tgz. Extracting by manifest.
714 silly tarball no local data for mdast-util-find-and-replace@https://registry.npmmirror.com/mdast-util-find-and-replace/-/mdast-util-find-and-replace-3.0.2.tgz. Extracting by manifest.
715 silly tarball no local data for mdast-util-gfm-table@https://registry.npmmirror.com/mdast-util-gfm-table/-/mdast-util-gfm-table-2.0.0.tgz. Extracting by manifest.
716 silly tarball no local data for mdast-util-gfm-strikethrough@https://registry.npmmirror.com/mdast-util-gfm-strikethrough/-/mdast-util-gfm-strikethrough-2.0.0.tgz. Extracting by manifest.
717 silly tarball no local data for mdast-util-gfm-footnote@https://registry.npmmirror.com/mdast-util-gfm-footnote/-/mdast-util-gfm-footnote-2.1.0.tgz. Extracting by manifest.
718 silly tarball no local data for style-to-object@https://registry.npmmirror.com/style-to-object/-/style-to-object-1.0.11.tgz. Extracting by manifest.
719 silly tarball no local data for mdast-util-gfm-autolink-literal@https://registry.npmmirror.com/mdast-util-gfm-autolink-literal/-/mdast-util-gfm-autolink-literal-2.0.1.tgz. Extracting by manifest.
720 silly tarball no local data for remark-stringify@https://registry.npmmirror.com/remark-stringify/-/remark-stringify-11.0.0.tgz. Extracting by manifest.
721 silly tarball no local data for is-alphabetical@https://registry.npmmirror.com/is-alphabetical/-/is-alphabetical-2.0.1.tgz. Extracting by manifest.
722 silly tarball no local data for extend@https://registry.npmmirror.com/extend/-/extend-3.0.2.tgz. Extracting by manifest.
723 silly tarball no local data for mdast-util-gfm@https://registry.npmmirror.com/mdast-util-gfm/-/mdast-util-gfm-3.1.0.tgz. Extracting by manifest.
724 silly tarball no local data for is-hexadecimal@https://registry.npmmirror.com/is-hexadecimal/-/is-hexadecimal-2.0.1.tgz. Extracting by manifest.
725 silly tarball no local data for micromark-extension-gfm@https://registry.npmmirror.com/micromark-extension-gfm/-/micromark-extension-gfm-3.0.0.tgz. Extracting by manifest.
726 silly tarball no local data for character-reference-invalid@https://registry.npmmirror.com/character-reference-invalid/-/character-reference-invalid-2.0.1.tgz. Extracting by manifest.
727 silly tarball no local data for is-alphanumerical@https://registry.npmmirror.com/is-alphanumerical/-/is-alphanumerical-2.0.1.tgz. Extracting by manifest.
728 silly tarball no local data for character-entities-legacy@https://registry.npmmirror.com/character-entities-legacy/-/character-entities-legacy-3.0.0.tgz. Extracting by manifest.
729 silly tarball no local data for micromark-factory-whitespace@https://registry.npmmirror.com/micromark-factory-whitespace/-/micromark-factory-whitespace-2.0.1.tgz. Extracting by manifest.
730 silly tarball no local data for is-decimal@https://registry.npmmirror.com/is-decimal/-/is-decimal-2.0.1.tgz. Extracting by manifest.
731 silly tarball no local data for @types/ms@https://registry.npmmirror.com/@types/ms/-/ms-2.1.0.tgz. Extracting by manifest.
732 silly tarball no local data for micromark-factory-title@https://registry.npmmirror.com/micromark-factory-title/-/micromark-factory-title-2.0.1.tgz. Extracting by manifest.
733 silly tarball no local data for micromark-factory-destination@https://registry.npmmirror.com/micromark-factory-destination/-/micromark-factory-destination-2.0.1.tgz. Extracting by manifest.
734 silly tarball no local data for micromark-util-subtokenize@https://registry.npmmirror.com/micromark-util-subtokenize/-/micromark-util-subtokenize-2.1.0.tgz. Extracting by manifest.
735 silly tarball no local data for micromark-util-html-tag-name@https://registry.npmmirror.com/micromark-util-html-tag-name/-/micromark-util-html-tag-name-2.0.1.tgz. Extracting by manifest.
736 silly tarball no local data for micromark-util-resolve-all@https://registry.npmmirror.com/micromark-util-resolve-all/-/micromark-util-resolve-all-2.0.1.tgz. Extracting by manifest.
737 silly tarball no local data for micromark-util-encode@https://registry.npmmirror.com/micromark-util-encode/-/micromark-util-encode-2.0.1.tgz. Extracting by manifest.
738 silly tarball no local data for micromark-util-chunked@https://registry.npmmirror.com/micromark-util-chunked/-/micromark-util-chunked-2.0.1.tgz. Extracting by manifest.
739 silly tarball no local data for micromark-util-character@https://registry.npmmirror.com/micromark-util-character/-/micromark-util-character-2.1.1.tgz. Extracting by manifest.
740 silly tarball no local data for @types/debug@https://registry.npmmirror.com/@types/debug/-/debug-4.1.12.tgz. Extracting by manifest.
741 silly tarball no local data for micromark-factory-space@https://registry.npmmirror.com/micromark-factory-space/-/micromark-factory-space-2.0.1.tgz. Extracting by manifest.
742 silly tarball no local data for micromark-util-combine-extensions@https://registry.npmmirror.com/micromark-util-combine-extensions/-/micromark-util-combine-extensions-2.0.1.tgz. Extracting by manifest.
743 silly tarball no local data for micromark-core-commonmark@https://registry.npmmirror.com/micromark-core-commonmark/-/micromark-core-commonmark-2.0.3.tgz. Extracting by manifest.
744 silly tarball no local data for unist-util-is@https://registry.npmmirror.com/unist-util-is/-/unist-util-is-6.0.1.tgz. Extracting by manifest.
745 silly tarball no local data for micromark-util-classify-character@https://registry.npmmirror.com/micromark-util-classify-character/-/micromark-util-classify-character-2.0.1.tgz. Extracting by manifest.
746 silly tarball no local data for mdast-util-phrasing@https://registry.npmmirror.com/mdast-util-phrasing/-/mdast-util-phrasing-4.1.0.tgz. Extracting by manifest.
747 silly tarball no local data for zwitch@https://registry.npmmirror.com/zwitch/-/zwitch-2.0.4.tgz. Extracting by manifest.
748 silly tarball no local data for micromark-factory-label@https://registry.npmmirror.com/micromark-factory-label/-/micromark-factory-label-2.0.1.tgz. Extracting by manifest.
749 silly tarball no local data for @ungap/structured-clone@https://registry.npmmirror.com/@ungap/structured-clone/-/structured-clone-1.3.0.tgz. Extracting by manifest.
750 silly tarball no local data for longest-streak@https://registry.npmmirror.com/longest-streak/-/longest-streak-3.1.0.tgz. Extracting by manifest.
751 silly tarball no local data for stringify-entities@https://registry.npmmirror.com/stringify-entities/-/stringify-entities-4.0.4.tgz. Extracting by manifest.
752 silly tarball no local data for parse-entities@https://registry.npmmirror.com/parse-entities/-/parse-entities-4.0.2.tgz. Extracting by manifest.
753 silly tarball no local data for trim-lines@https://registry.npmmirror.com/trim-lines/-/trim-lines-3.0.1.tgz. Extracting by manifest.
754 silly tarball no local data for ccount@https://registry.npmmirror.com/ccount/-/ccount-2.0.1.tgz. Extracting by manifest.
755 silly tarball no local data for unist-util-stringify-position@https://registry.npmmirror.com/unist-util-stringify-position/-/unist-util-stringify-position-4.0.0.tgz. Extracting by manifest.
756 silly tarball no local data for character-entities@https://registry.npmmirror.com/character-entities/-/character-entities-2.0.2.tgz. Extracting by manifest.
757 silly tarball no local data for micromark-util-symbol@https://registry.npmmirror.com/micromark-util-symbol/-/micromark-util-symbol-2.0.1.tgz. Extracting by manifest.
758 silly tarball no local data for micromark-util-types@https://registry.npmmirror.com/micromark-util-types/-/micromark-util-types-2.0.2.tgz. Extracting by manifest.
759 silly tarball no local data for micromark-util-normalize-identifier@https://registry.npmmirror.com/micromark-util-normalize-identifier/-/micromark-util-normalize-identifier-2.0.1.tgz. Extracting by manifest.
760 silly tarball no local data for micromark-util-decode-string@https://registry.npmmirror.com/micromark-util-decode-string/-/micromark-util-decode-string-2.0.1.tgz. Extracting by manifest.
761 silly tarball no local data for micromark-util-decode-numeric-character-reference@https://registry.npmmirror.com/micromark-util-decode-numeric-character-reference/-/micromark-util-decode-numeric-character-reference-2.0.2.tgz. Extracting by manifest.
762 silly tarball no local data for micromark@https://registry.npmmirror.com/micromark/-/micromark-4.0.2.tgz. Extracting by manifest.
763 silly tarball no local data for @types/estree-jsx@https://registry.npmmirror.com/@types/estree-jsx/-/estree-jsx-1.0.5.tgz. Extracting by manifest.
764 silly tarball no local data for mdast-util-to-string@https://registry.npmmirror.com/mdast-util-to-string/-/mdast-util-to-string-4.0.0.tgz. Extracting by manifest.
765 silly tarball no local data for decode-named-character-reference@https://registry.npmmirror.com/decode-named-character-reference/-/decode-named-character-reference-1.2.0.tgz. Extracting by manifest.
766 silly tarball no local data for mdast-util-to-markdown@https://registry.npmmirror.com/mdast-util-to-markdown/-/mdast-util-to-markdown-2.1.2.tgz. Extracting by manifest.
767 silly tarball no local data for mdast-util-from-markdown@https://registry.npmmirror.com/mdast-util-from-markdown/-/mdast-util-from-markdown-2.0.2.tgz. Extracting by manifest.
768 silly tarball no local data for vfile-message@https://registry.npmmirror.com/vfile-message/-/vfile-message-4.0.3.tgz. Extracting by manifest.
769 silly tarball no local data for style-to-js@https://registry.npmmirror.com/style-to-js/-/style-to-js-1.1.18.tgz. Extracting by manifest.
770 silly tarball no local data for unist-util-position@https://registry.npmmirror.com/unist-util-position/-/unist-util-position-5.0.0.tgz. Extracting by manifest.
771 silly tarball no local data for micromark-util-sanitize-uri@https://registry.npmmirror.com/micromark-util-sanitize-uri/-/micromark-util-sanitize-uri-2.0.1.tgz. Extracting by manifest.
772 silly tarball no local data for space-separated-tokens@https://registry.npmmirror.com/space-separated-tokens/-/space-separated-tokens-2.0.2.tgz. Extracting by manifest.
773 silly tarball no local data for property-information@https://registry.npmmirror.com/property-information/-/property-information-7.1.0.tgz. Extracting by manifest.
774 silly tarball no local data for mdast-util-mdxjs-esm@https://registry.npmmirror.com/mdast-util-mdxjs-esm/-/mdast-util-mdxjs-esm-2.0.1.tgz. Extracting by manifest.
775 silly tarball no local data for hast-util-whitespace@https://registry.npmmirror.com/hast-util-whitespace/-/hast-util-whitespace-3.0.0.tgz. Extracting by manifest.
776 silly tarball no local data for mdast-util-mdx-jsx@https://registry.npmmirror.com/mdast-util-mdx-jsx/-/mdast-util-mdx-jsx-3.2.0.tgz. Extracting by manifest.
777 silly tarball no local data for estree-util-is-identifier-name@https://registry.npmmirror.com/estree-util-is-identifier-name/-/estree-util-is-identifier-name-3.0.0.tgz. Extracting by manifest.
778 silly tarball no local data for mdast-util-mdx-expression@https://registry.npmmirror.com/mdast-util-mdx-expression/-/mdast-util-mdx-expression-2.0.1.tgz. Extracting by manifest.
779 silly tarball no local data for comma-separated-tokens@https://registry.npmmirror.com/comma-separated-tokens/-/comma-separated-tokens-2.0.3.tgz. Extracting by manifest.
780 silly tarball no local data for dequal@https://registry.npmmirror.com/dequal/-/dequal-2.0.3.tgz. Extracting by manifest.
781 silly tarball no local data for vfile@https://registry.npmmirror.com/vfile/-/vfile-6.0.3.tgz. Extracting by manifest.
782 silly tarball no local data for unist-util-visit@https://registry.npmmirror.com/unist-util-visit/-/unist-util-visit-5.0.0.tgz. Extracting by manifest.
783 silly tarball no local data for unified@https://registry.npmmirror.com/unified/-/unified-11.0.5.tgz. Extracting by manifest.
784 silly tarball no local data for remark-rehype@https://registry.npmmirror.com/remark-rehype/-/remark-rehype-11.1.2.tgz. Extracting by manifest.
785 silly tarball no local data for mdast-util-to-hast@https://registry.npmmirror.com/mdast-util-to-hast/-/mdast-util-to-hast-13.2.0.tgz. Extracting by manifest.
786 silly tarball no local data for html-url-attributes@https://registry.npmmirror.com/html-url-attributes/-/html-url-attributes-3.0.1.tgz. Extracting by manifest.
787 silly tarball no local data for remark-parse@https://registry.npmmirror.com/remark-parse/-/remark-parse-11.0.0.tgz. Extracting by manifest.
788 silly tarball no local data for hast-util-to-jsx-runtime@https://registry.npmmirror.com/hast-util-to-jsx-runtime/-/hast-util-to-jsx-runtime-2.3.6.tgz. Extracting by manifest.
789 silly tarball no local data for devlop@https://registry.npmmirror.com/devlop/-/devlop-1.1.0.tgz. Extracting by manifest.
790 silly tarball no local data for @types/hast@https://registry.npmmirror.com/@types/hast/-/hast-3.0.4.tgz. Extracting by manifest.
791 silly tarball no local data for @types/unist@https://registry.npmmirror.com/@types/unist/-/unist-2.0.11.tgz. Extracting by manifest.
792 silly tarball no local data for @types/mdast@https://registry.npmmirror.com/@types/mdast/-/mdast-4.0.4.tgz. Extracting by manifest.
793 silly tarball no local data for escape-string-regexp@https://registry.npmmirror.com/escape-string-regexp/-/escape-string-regexp-5.0.0.tgz. Extracting by manifest.
794 silly tarball no local data for remark-gfm@https://registry.npmmirror.com/remark-gfm/-/remark-gfm-4.0.1.tgz. Extracting by manifest.
795 silly tarball no local data for react-markdown@https://registry.npmmirror.com/react-markdown/-/react-markdown-10.1.0.tgz. Extracting by manifest.
796 silly tarball no local data for @types/unist@https://registry.npmmirror.com/@types/unist/-/unist-3.0.3.tgz. Extracting by manifest.
797 http fetch POST 404 https://registry.npmmirror.com/-/npm/v1/security/advisories/bulk 177ms
798 verbose audit error HttpErrorGeneral: 404 Not Found - POST https://registry.npmmirror.com/-/npm/v1/security/advisories/bulk - [NOT_IMPLEMENTED] /-/npm/v1/security/* not implemented yet
798 verbose audit error     at C:\Program Files\nodejs\node_global\node_modules\npm\node_modules\npm-registry-fetch\lib\check-response.js:103:15
798 verbose audit error     at process.processTicksAndRejections (node:internal/process/task_queues:95:5)
798 verbose audit error     at async [getReport] (C:\Program Files\nodejs\node_global\node_modules\npm\node_modules\@npmcli\arborist\lib\audit-report.js:294:19)
798 verbose audit error     at async AuditReport.run (C:\Program Files\nodejs\node_global\node_modules\npm\node_modules\@npmcli\arborist\lib\audit-report.js:106:19) {
798 verbose audit error   headers: [Object: null prototype] {
798 verbose audit error     server: [ 'Tengine' ],
798 verbose audit error     date: [ 'Fri, 24 Oct 2025 08:39:33 GMT' ],
798 verbose audit error     'content-type': [ 'application/json' ],
798 verbose audit error     'transfer-encoding': [ 'chunked' ],
798 verbose audit error     connection: [ 'keep-alive' ],
798 verbose audit error     'strict-transport-security': [ 'max-age=5184000' ],
798 verbose audit error     via: [ 'kunlun3.cn5256[,404666]' ],
798 verbose audit error     'timing-allow-origin': [ '*' ],
798 verbose audit error     eagleid: [ '6f1f422117612951735271707e' ],
798 verbose audit error     'x-fetch-attempts': [ '1' ]
798 verbose audit error   },
798 verbose audit error   statusCode: 404,
798 verbose audit error   code: 'E404',
798 verbose audit error   method: 'POST',
798 verbose audit error   uri: 'https://registry.npmmirror.com/-/npm/v1/security/advisories/bulk',
798 verbose audit error   body: {
798 verbose audit error     error: '[NOT_IMPLEMENTED] /-/npm/v1/security/* not implemented yet'
798 verbose audit error   },
798 verbose audit error   pkgid: undefined
798 verbose audit error }
799 silly audit error [object Object]
800 silly audit report null
801 http fetch GET 200 https://cdn.npmmirror.com/packages/character-entities-html4/2.1.0/character-entities-html4-2.1.0.tgz 495ms (cache miss)
802 http fetch GET 200 https://cdn.npmmirror.com/packages/trough/2.2.0/trough-2.2.0.tgz 504ms (cache miss)
803 http fetch GET 200 https://cdn.npmmirror.com/packages/mdast-util-gfm-task-list-item/2.0.0/mdast-util-gfm-task-list-item-2.0.0.tgz 512ms (cache miss)
804 http fetch GET 200 https://cdn.npmmirror.com/packages/inline-style-parser/0.2.4/inline-style-parser-0.2.4.tgz 538ms (cache miss)
805 http fetch GET 200 https://cdn.npmmirror.com/packages/markdown-table/3.0.4/markdown-table-3.0.4.tgz 542ms (cache miss)
806 http fetch GET 200 https://cdn.npmmirror.com/packages/is-plain-obj/4.1.0/is-plain-obj-4.1.0.tgz 561ms (cache miss)
807 http fetch GET 200 https://cdn.npmmirror.com/packages/bail/2.0.2/bail-2.0.2.tgz 561ms (cache miss)
808 http fetch GET 200 https://cdn.npmmirror.com/packages/mdast-util-find-and-replace/3.0.2/mdast-util-find-and-replace-3.0.2.tgz 566ms (cache miss)
809 http fetch GET 200 https://cdn.npmmirror.com/packages/mdast-util-gfm-footnote/2.1.0/mdast-util-gfm-footnote-2.1.0.tgz 562ms (cache miss)
810 http fetch GET 200 https://cdn.npmmirror.com/packages/micromark-extension-gfm-strikethrough/2.1.0/micromark-extension-gfm-strikethrough-2.1.0.tgz 576ms (cache miss)
811 http fetch GET 200 https://cdn.npmmirror.com/packages/mdast-util-gfm-strikethrough/2.0.0/mdast-util-gfm-strikethrough-2.0.0.tgz 624ms (cache miss)
812 http fetch GET 200 https://cdn.npmmirror.com/packages/micromark-extension-gfm-task-list-item/2.1.0/micromark-extension-gfm-task-list-item-2.1.0.tgz 640ms (cache miss)
813 http fetch GET 200 https://cdn.npmmirror.com/packages/micromark-extension-gfm/3.0.0/micromark-extension-gfm-3.0.0.tgz 609ms (cache miss)
814 http fetch GET 200 https://cdn.npmmirror.com/packages/character-reference-invalid/2.0.1/character-reference-invalid-2.0.1.tgz 609ms (cache miss)
815 http fetch GET 200 https://cdn.npmmirror.com/packages/is-alphanumerical/2.0.1/is-alphanumerical-2.0.1.tgz 616ms (cache miss)
816 http fetch GET 200 https://cdn.npmmirror.com/packages/mdast-util-gfm-autolink-literal/2.0.1/mdast-util-gfm-autolink-literal-2.0.1.tgz 634ms (cache miss)
817 http fetch GET 200 https://cdn.npmmirror.com/packages/style-to-object/1.0.11/style-to-object-1.0.11.tgz 635ms (cache miss)
818 http fetch GET 200 https://cdn.npmmirror.com/packages/is-hexadecimal/2.0.1/is-hexadecimal-2.0.1.tgz 621ms (cache miss)
819 http fetch GET 200 https://cdn.npmmirror.com/packages/is-alphabetical/2.0.1/is-alphabetical-2.0.1.tgz 636ms (cache miss)
820 http fetch GET 200 https://cdn.npmmirror.com/packages/is-decimal/2.0.1/is-decimal-2.0.1.tgz 624ms (cache miss)
821 http fetch GET 200 https://cdn.npmmirror.com/packages/remark-stringify/11.0.0/remark-stringify-11.0.0.tgz 693ms (cache miss)
822 http fetch GET 200 https://cdn.npmmirror.com/packages/mdast-util-gfm/3.1.0/mdast-util-gfm-3.1.0.tgz 700ms (cache miss)
823 http fetch GET 200 https://cdn.npmmirror.com/packages/micromark-factory-whitespace/2.0.1/micromark-factory-whitespace-2.0.1.tgz 697ms (cache miss)
824 http fetch GET 200 https://cdn.npmmirror.com/packages/micromark-extension-gfm-tagfilter/2.0.0/micromark-extension-gfm-tagfilter-2.0.0.tgz 740ms (cache miss)
825 http fetch GET 200 https://cdn.npmmirror.com/packages/%40types/ms/2.1.0/ms-2.1.0.tgz 704ms (cache miss)
826 http fetch GET 200 https://cdn.npmmirror.com/packages/micromark-util-subtokenize/2.1.0/micromark-util-subtokenize-2.1.0.tgz 713ms (cache miss)
827 http fetch GET 200 https://cdn.npmmirror.com/packages/micromark-util-encode/2.0.1/micromark-util-encode-2.0.1.tgz 716ms (cache miss)
828 http fetch GET 200 https://cdn.npmmirror.com/packages/micromark-extension-gfm-autolink-literal/2.1.0/micromark-extension-gfm-autolink-literal-2.1.0.tgz 754ms (cache miss)
829 http fetch GET 200 https://cdn.npmmirror.com/packages/extend/3.0.2/extend-3.0.2.tgz 731ms (cache miss)
830 http fetch GET 200 https://cdn.npmmirror.com/packages/micromark-extension-gfm-footnote/2.1.0/micromark-extension-gfm-footnote-2.1.0.tgz 758ms (cache miss)
831 http fetch GET 200 https://cdn.npmmirror.com/packages/%40types/debug/4.1.12/debug-4.1.12.tgz 719ms (cache miss)
832 http fetch GET 200 https://cdn.npmmirror.com/packages/micromark-util-resolve-all/2.0.1/micromark-util-resolve-all-2.0.1.tgz 722ms (cache miss)
833 http fetch GET 200 https://cdn.npmmirror.com/packages/micromark-util-html-tag-name/2.0.1/micromark-util-html-tag-name-2.0.1.tgz 724ms (cache miss)
834 http fetch GET 200 https://cdn.npmmirror.com/packages/zwitch/2.0.4/zwitch-2.0.4.tgz 725ms (cache miss)
835 http fetch GET 200 https://cdn.npmmirror.com/packages/micromark-util-combine-extensions/2.0.1/micromark-util-combine-extensions-2.0.1.tgz 731ms (cache miss)
836 http fetch GET 200 https://cdn.npmmirror.com/packages/micromark-util-classify-character/2.0.1/micromark-util-classify-character-2.0.1.tgz 759ms (cache miss)
837 http fetch GET 200 https://cdn.npmmirror.com/packages/micromark-util-chunked/2.0.1/micromark-util-chunked-2.0.1.tgz 778ms (cache miss)
838 http fetch GET 200 https://cdn.npmmirror.com/packages/micromark-factory-destination/2.0.1/micromark-factory-destination-2.0.1.tgz 786ms (cache miss)
839 http fetch GET 200 https://cdn.npmmirror.com/packages/micromark-factory-space/2.0.1/micromark-factory-space-2.0.1.tgz 781ms (cache miss)
840 http fetch GET 200 https://cdn.npmmirror.com/packages/micromark-util-character/2.1.1/micromark-util-character-2.1.1.tgz 788ms (cache miss)
841 http fetch GET 200 https://cdn.npmmirror.com/packages/trim-lines/3.0.1/trim-lines-3.0.1.tgz 780ms (cache miss)
842 http fetch GET 200 https://cdn.npmmirror.com/packages/mdast-util-phrasing/4.1.0/mdast-util-phrasing-4.1.0.tgz 787ms (cache miss)
843 http fetch GET 200 https://cdn.npmmirror.com/packages/character-entities/2.0.2/character-entities-2.0.2.tgz 793ms (cache miss)
844 http fetch GET 200 https://cdn.npmmirror.com/packages/micromark-util-types/2.0.2/micromark-util-types-2.0.2.tgz 795ms (cache miss)
845 http fetch GET 200 https://cdn.npmmirror.com/packages/micromark-factory-label/2.0.1/micromark-factory-label-2.0.1.tgz 806ms (cache miss)
846 http fetch GET 200 https://cdn.npmmirror.com/packages/parse-entities/4.0.2/parse-entities-4.0.2.tgz 804ms (cache miss)
847 http fetch GET 200 https://cdn.npmmirror.com/packages/unist-util-is/6.0.1/unist-util-is-6.0.1.tgz 817ms (cache miss)
848 http fetch GET 200 https://cdn.npmmirror.com/packages/longest-streak/3.1.0/longest-streak-3.1.0.tgz 820ms (cache miss)
849 http fetch GET 200 https://cdn.npmmirror.com/packages/unist-util-visit-parents/6.0.2/unist-util-visit-parents-6.0.2.tgz 874ms (cache miss)
850 http fetch GET 200 https://cdn.npmmirror.com/packages/micromark-util-symbol/2.0.1/micromark-util-symbol-2.0.1.tgz 842ms (cache miss)
851 http fetch GET 200 https://cdn.npmmirror.com/packages/micromark-util-normalize-identifier/2.0.1/micromark-util-normalize-identifier-2.0.1.tgz 842ms (cache miss)
852 http fetch GET 200 https://cdn.npmmirror.com/packages/stringify-entities/4.0.4/stringify-entities-4.0.4.tgz 848ms (cache miss)
853 http fetch GET 200 https://cdn.npmmirror.com/packages/micromark-util-decode-numeric-character-reference/2.0.2/micromark-util-decode-numeric-character-reference-2.0.2.tgz 845ms (cache miss)
854 http fetch GET 200 https://cdn.npmmirror.com/packages/micromark-util-decode-string/2.0.1/micromark-util-decode-string-2.0.1.tgz 846ms (cache miss)
855 http fetch GET 200 https://cdn.npmmirror.com/packages/%40ungap/structured-clone/1.3.0/structured-clone-1.3.0.tgz 855ms (cache miss)
856 http fetch GET 200 https://cdn.npmmirror.com/packages/decode-named-character-reference/1.2.0/decode-named-character-reference-1.2.0.tgz 879ms (cache miss)
857 http fetch GET 200 https://cdn.npmmirror.com/packages/micromark-factory-title/2.0.1/micromark-factory-title-2.0.1.tgz 907ms (cache miss)
858 http fetch GET 200 https://cdn.npmmirror.com/packages/character-entities-legacy/3.0.0/character-entities-legacy-3.0.0.tgz 912ms (cache miss)
859 http fetch GET 200 https://cdn.npmmirror.com/packages/mdast-util-to-string/4.0.0/mdast-util-to-string-4.0.0.tgz 887ms (cache miss)
860 http fetch GET 200 https://cdn.npmmirror.com/packages/micromark-extension-gfm-table/2.1.1/micromark-extension-gfm-table-2.1.1.tgz 954ms (cache miss)
861 http fetch GET 200 https://cdn.npmmirror.com/packages/unist-util-position/5.0.0/unist-util-position-5.0.0.tgz 946ms (cache miss)
862 http fetch GET 200 https://cdn.npmmirror.com/packages/space-separated-tokens/2.0.2/space-separated-tokens-2.0.2.tgz 981ms (cache miss)
863 http fetch GET 200 https://cdn.npmmirror.com/packages/hast-util-whitespace/3.0.0/hast-util-whitespace-3.0.0.tgz 981ms (cache miss)
864 http fetch GET 200 https://cdn.npmmirror.com/packages/style-to-js/1.1.18/style-to-js-1.1.18.tgz 988ms (cache miss)
865 http fetch GET 200 https://cdn.npmmirror.com/packages/mdast-util-from-markdown/2.0.2/mdast-util-from-markdown-2.0.2.tgz 1000ms (cache miss)
866 http fetch GET 200 https://cdn.npmmirror.com/packages/%40types/estree-jsx/1.0.5/estree-jsx-1.0.5.tgz 1009ms (cache miss)
867 http fetch GET 200 https://cdn.npmmirror.com/packages/mdast-util-mdx-expression/2.0.1/mdast-util-mdx-expression-2.0.1.tgz 1030ms (cache miss)
868 http fetch GET 200 https://cdn.npmmirror.com/packages/estree-util-is-identifier-name/3.0.0/estree-util-is-identifier-name-3.0.0.tgz 1035ms (cache miss)
869 http fetch GET 200 https://cdn.npmmirror.com/packages/mdast-util-gfm-table/2.0.0/mdast-util-gfm-table-2.0.0.tgz 1100ms (cache miss)
870 http fetch GET 200 https://cdn.npmmirror.com/packages/mdast-util-mdx-jsx/3.2.0/mdast-util-mdx-jsx-3.2.0.tgz 1040ms (cache miss)
871 http fetch GET 200 https://cdn.npmmirror.com/packages/micromark/4.0.2/micromark-4.0.2.tgz 1068ms (cache miss)
872 http fetch GET 200 https://cdn.npmmirror.com/packages/comma-separated-tokens/2.0.3/comma-separated-tokens-2.0.3.tgz 1082ms (cache miss)
873 http fetch GET 200 https://cdn.npmmirror.com/packages/micromark-core-commonmark/2.0.3/micromark-core-commonmark-2.0.3.tgz 1146ms (cache miss)
874 http fetch GET 200 https://cdn.npmmirror.com/packages/vfile/6.0.3/vfile-6.0.3.tgz 1166ms (cache miss)
875 http fetch GET 200 https://cdn.npmmirror.com/packages/vfile-message/4.0.3/vfile-message-4.0.3.tgz 1177ms (cache miss)
876 http fetch GET 200 https://cdn.npmmirror.com/packages/remark-parse/11.0.0/remark-parse-11.0.0.tgz 1187ms (cache miss)
877 http fetch GET 200 https://cdn.npmmirror.com/packages/hast-util-to-jsx-runtime/2.3.6/hast-util-to-jsx-runtime-2.3.6.tgz 1187ms (cache miss)
878 http fetch GET 200 https://cdn.npmmirror.com/packages/remark-rehype/11.1.2/remark-rehype-11.1.2.tgz 1205ms (cache miss)
879 http fetch GET 200 https://cdn.npmmirror.com/packages/unist-util-stringify-position/4.0.0/unist-util-stringify-position-4.0.0.tgz 1258ms (cache miss)
880 http fetch GET 200 https://cdn.npmmirror.com/packages/micromark-util-sanitize-uri/2.0.1/micromark-util-sanitize-uri-2.0.1.tgz 1245ms (cache miss)
881 http fetch GET 200 https://cdn.npmmirror.com/packages/ccount/2.0.1/ccount-2.0.1.tgz 1259ms (cache miss)
882 http fetch GET 200 https://cdn.npmmirror.com/packages/unist-util-visit/5.0.0/unist-util-visit-5.0.0.tgz 1250ms (cache miss)
883 http fetch GET 200 https://cdn.npmmirror.com/packages/devlop/1.1.0/devlop-1.1.0.tgz 1271ms (cache miss)
884 http fetch GET 200 https://cdn.npmmirror.com/packages/%40types/unist/2.0.11/unist-2.0.11.tgz 1297ms (cache miss)
885 http fetch GET 200 https://cdn.npmmirror.com/packages/%40types/hast/3.0.4/hast-3.0.4.tgz 1301ms (cache miss)
886 http fetch GET 200 https://cdn.npmmirror.com/packages/%40types/mdast/4.0.4/mdast-4.0.4.tgz 1306ms (cache miss)
887 http fetch GET 200 https://cdn.npmmirror.com/packages/escape-string-regexp/5.0.0/escape-string-regexp-5.0.0.tgz 1362ms (cache miss)
888 http fetch GET 200 https://cdn.npmmirror.com/packages/html-url-attributes/3.0.1/html-url-attributes-3.0.1.tgz 1377ms (cache miss)
889 http fetch GET 200 https://cdn.npmmirror.com/packages/react-markdown/10.1.0/react-markdown-10.1.0.tgz 1372ms (cache miss)
890 http fetch GET 200 https://cdn.npmmirror.com/packages/dequal/2.0.3/dequal-2.0.3.tgz 1386ms (cache miss)
891 http fetch GET 200 https://cdn.npmmirror.com/packages/unified/11.0.5/unified-11.0.5.tgz 1416ms (cache miss)
892 http fetch GET 200 https://cdn.npmmirror.com/packages/mdast-util-mdxjs-esm/2.0.1/mdast-util-mdxjs-esm-2.0.1.tgz 1432ms (cache miss)
893 http fetch GET 200 https://cdn.npmmirror.com/packages/%40types/unist/3.0.3/unist-3.0.3.tgz 1491ms (cache miss)
894 http fetch GET 200 https://cdn.npmmirror.com/packages/remark-gfm/4.0.1/remark-gfm-4.0.1.tgz 1497ms (cache miss)
895 http fetch GET 200 https://cdn.npmmirror.com/packages/property-information/7.1.0/property-information-7.1.0.tgz 1588ms (cache miss)
896 http fetch GET 200 https://cdn.npmmirror.com/packages/mdast-util-to-hast/13.2.0/mdast-util-to-hast-13.2.0.tgz 1641ms (cache miss)
897 http fetch GET 200 https://cdn.npmmirror.com/packages/mdast-util-to-markdown/2.1.2/mdast-util-to-markdown-2.1.2.tgz 1659ms (cache miss)
898 silly ADD node_modules/trough
899 silly ADD node_modules/is-plain-obj
900 silly ADD node_modules/extend
901 silly ADD node_modules/bail
902 silly ADD node_modules/inline-style-parser
903 silly ADD node_modules/style-to-object
904 silly ADD node_modules/character-entities-html4
905 silly ADD node_modules/micromark-extension-gfm-task-list-item
906 silly ADD node_modules/micromark-extension-gfm-tagfilter
907 silly ADD node_modules/micromark-extension-gfm-table
908 silly ADD node_modules/micromark-extension-gfm-strikethrough
909 silly ADD node_modules/micromark-extension-gfm-footnote
910 silly ADD node_modules/micromark-extension-gfm-autolink-literal
911 silly ADD node_modules/markdown-table
912 silly ADD node_modules/unist-util-visit-parents
913 silly ADD node_modules/mdast-util-find-and-replace
914 silly ADD node_modules/mdast-util-find-and-replace/node_modules/escape-string-regexp
915 silly ADD node_modules/mdast-util-gfm-task-list-item
916 silly ADD node_modules/mdast-util-gfm-table
917 silly ADD node_modules/mdast-util-gfm-strikethrough
918 silly ADD node_modules/mdast-util-gfm-footnote
919 silly ADD node_modules/mdast-util-gfm-autolink-literal
920 silly ADD node_modules/remark-stringify
921 silly ADD node_modules/micromark-extension-gfm
922 silly ADD node_modules/mdast-util-gfm
923 silly ADD node_modules/is-alphabetical
924 silly ADD node_modules/is-hexadecimal
925 silly ADD node_modules/is-decimal
926 silly ADD node_modules/is-alphanumerical
927 silly ADD node_modules/character-reference-invalid
928 silly ADD node_modules/character-entities-legacy
929 silly ADD node_modules/micromark-util-html-tag-name
930 silly ADD node_modules/micromark-factory-whitespace
931 silly ADD node_modules/micromark-factory-title
932 silly ADD node_modules/micromark-factory-label
933 silly ADD node_modules/micromark-factory-destination
934 silly ADD node_modules/@types/ms
935 silly ADD node_modules/micromark-util-subtokenize
936 silly ADD node_modules/micromark-util-resolve-all
937 silly ADD node_modules/micromark-util-encode
938 silly ADD node_modules/micromark-util-combine-extensions
939 silly ADD node_modules/micromark-util-chunked
940 silly ADD node_modules/micromark-util-character
941 silly ADD node_modules/micromark-factory-space
942 silly ADD node_modules/micromark-core-commonmark
943 silly ADD node_modules/@types/debug
944 silly ADD node_modules/unist-util-is
945 silly ADD node_modules/zwitch
946 silly ADD node_modules/micromark-util-classify-character
947 silly ADD node_modules/mdast-util-phrasing
948 silly ADD node_modules/longest-streak
949 silly ADD node_modules/trim-lines
950 silly ADD node_modules/micromark-util-sanitize-uri
951 silly ADD node_modules/@ungap/structured-clone
952 silly ADD node_modules/stringify-entities
953 silly ADD node_modules/parse-entities
954 silly ADD node_modules/parse-entities/node_modules/@types/unist
955 silly ADD node_modules/ccount
956 silly ADD node_modules/character-entities
957 silly ADD node_modules/unist-util-stringify-position
958 silly ADD node_modules/micromark-util-types
959 silly ADD node_modules/micromark-util-symbol
960 silly ADD node_modules/micromark-util-normalize-identifier
961 silly ADD node_modules/micromark-util-decode-string
962 silly ADD node_modules/micromark-util-decode-numeric-character-reference
963 silly ADD node_modules/micromark
964 silly ADD node_modules/mdast-util-to-string
965 silly ADD node_modules/decode-named-character-reference
966 silly ADD node_modules/mdast-util-to-markdown
967 silly ADD node_modules/mdast-util-from-markdown
968 silly ADD node_modules/@types/estree-jsx
969 silly ADD node_modules/vfile-message
970 silly ADD node_modules/unist-util-position
971 silly ADD node_modules/style-to-js
972 silly ADD node_modules/space-separated-tokens
973 silly ADD node_modules/property-information
974 silly ADD node_modules/mdast-util-mdxjs-esm
975 silly ADD node_modules/mdast-util-mdx-jsx
976 silly ADD node_modules/mdast-util-mdx-expression
977 silly ADD node_modules/hast-util-whitespace
978 silly ADD node_modules/estree-util-is-identifier-name
979 silly ADD node_modules/comma-separated-tokens
980 silly ADD node_modules/dequal
981 silly ADD node_modules/@types/unist
982 silly ADD node_modules/vfile
983 silly ADD node_modules/unist-util-visit
984 silly ADD node_modules/unified
985 silly ADD node_modules/remark-rehype
986 silly ADD node_modules/remark-parse
987 silly ADD node_modules/mdast-util-to-hast
988 silly ADD node_modules/html-url-attributes
989 silly ADD node_modules/hast-util-to-jsx-runtime
990 silly ADD node_modules/devlop
991 silly ADD node_modules/@types/mdast
992 silly ADD node_modules/@types/hast
993 silly ADD node_modules/remark-gfm
994 silly ADD node_modules/react-markdown
995 verbose cwd D:\VSCodeProgramme\qianmian-china-travel-dashboard
996 verbose os Windows_NT 10.0.26100
997 verbose node v20.18.0
998 verbose npm  v11.4.2
999 notice
999 notice New [33mminor[39m version of npm available! [33m11.4.2[39m -> [34m11.6.2[39m
999 notice Changelog: [34mhttps://github.com/npm/cli/releases/tag/v11.6.2[39m
999 notice To update run: [4mnpm install -g npm@11.6.2[24m
999 notice  { force: true, [Symbol(proc-log.meta)]: true }
1000 verbose exit 0
1001 info ok
